sCode,noPeriode,sDescription
AM-HP,125,LUN à VEN 8h-23h SAM 9h-23h DIM 13h-18h EXCEPTÉ PÉRIODES INTERDITES (micro/original)
AM-HP,1491,LUN à VEN 8h-23h SAM 9h-23h DIM 13h-18h EXCEPTÉ PÉRIODES INTERDITES (micro/original)
AM-HP,1492,LUN à VEN 8h-23h SAM 9h-23h DIM 13h-18h EXCEPTÉ PÉRIODES INTERDITES (micro/original)
AM-HR,108,LUN à VEN 9h-21h et SAM DIM 9h-18h EXCEPTÉ PÉRIODES INTERDITES (micro/original)
AM-HR,332,LUN à VEN 9h-21h et SAM DIM 9h-18h EXCEPTÉ PÉRIODES INTERDITES (micro/original)
AP-HP,125,LUN à VEN 8h-23h SAM 9h-23h DIM 13h-18h EXCEPTÉ PÉRIODES INTERDITES (parco) 
AP-HP,1491,LUN à VEN 8h-23h SAM 9h-23h DIM 13h-18h EXCEPTÉ PÉRIODES INTERDITES (parco) 
AP-HP,1492,LUN à VEN 8h-23h SAM 9h-23h DIM 13h-18h EXCEPTÉ PÉRIODES INTERDITES (parco) 
AQ-HP,125,LUN à VEN 8h-23h SAM 9h-23h DIM 13h-18h EXCEPTÉ PÉRIODES INTERDITES (QIM) 
AQ-HP,1491,LUN à VEN 8h-23h SAM 9h-23h DIM 13h-18h EXCEPTÉ PÉRIODES INTERDITES (QIM) 
AQ-HP,1492,LUN à VEN 8h-23h SAM 9h-23h DIM 13h-18h EXCEPTÉ PÉRIODES INTERDITES (QIM) 
AU-JQ,1493,LUN à DIM 8 h - 20 h EXCEPTÉ PÉRIODES INTERDITES
CC-AA,28,LUN À VEN 9 h - 21 h SAM 9 h - 18 h DIM 13 h - 18 h
CC-AA,108,LUN À VEN 9 h - 21 h SAM 9 h - 18 h DIM 13 h - 18 h
CC-AA,125,LUN À VEN 9 h - 21 h SAM 9 h - 18 h DIM 13 h - 18 h
CC-AC,34,LUN À SAM 9 h - 18 h DIM 13 h - 18 h
CC-AC,125,LUN À SAM 9 h - 18 h DIM 13 h - 18 h
CC-AK,28,LUN À VEN 9 h 30 - 21 h SAM 9 h 18 h DIM 13 h - 18 h
CC-AK,111,LUN À VEN 9 h 30 - 21 h SAM 9 h 18 h DIM 13 h - 18 h
CC-AK,125,LUN À VEN 9 h 30 - 21 h SAM 9 h 18 h DIM 13 h - 18 h
CC-AW,25,LUN ET MAR ET MER ET SAM 9 h - 18 h JEU ET VEN 9 h - 21 h DIM 13 h - 18 h
CC-AW,26,LUN ET MAR ET MER ET SAM 9 h - 18 h JEU ET VEN 9 h - 21 h DIM 13 h - 18 h
CC-AW,28,LUN ET MAR ET MER ET SAM 9 h - 18 h JEU ET VEN 9 h - 21 h DIM 13 h - 18 h
CC-AW,125,LUN ET MAR ET MER ET SAM 9 h - 18 h JEU ET VEN 9 h - 21 h DIM 13 h - 18 h
CC-QT,28,LUN À VEN 9 h - 15 h 30 18 h 30 - 21 h SAM 9 h 18 h DIM 13 h - 18 h
CC-QT,31,LUN À VEN 9 h - 15 h 30 18 h 30 - 21 h SAM 9 h 18 h DIM 13 h - 18 h
CC-QT,110,LUN À VEN 9 h - 15 h 30 18 h 30 - 21 h SAM 9 h 18 h DIM 13 h - 18 h
CC-QT,125,LUN À VEN 9 h - 15 h 30 18 h 30 - 21 h SAM 9 h 18 h DIM 13 h - 18 h
CC-RN,28,LUN À VEN 9 h - 15 h  18 h 30 - 21 h SAM 9 h 18 h DIM 13 h - 18 h
CC-RN,30,LUN À VEN 9 h - 15 h  18 h 30 - 21 h SAM 9 h 18 h DIM 13 h - 18 h
CC-RN,110,LUN À VEN 9 h - 15 h  18 h 30 - 21 h SAM 9 h 18 h DIM 13 h - 18 h
CC-RN,125,LUN À VEN 9 h - 15 h  18 h 30 - 21 h SAM 9 h 18 h DIM 13 h - 18 h
CC-SK,28,LUN À VEN 9 h  - 14 h 30 18 h 30 - 21 h SAM 9 h 18 h DIM 13 h - 18 h
CC-SK,110,LUN À VEN 9 h  - 14 h 30 18 h 30 - 21 h SAM 9 h 18 h DIM 13 h - 18 h
CC-SK,125,LUN À VEN 9 h  - 14 h 30 18 h 30 - 21 h SAM 9 h 18 h DIM 13 h - 18 h
CC-SK,188,LUN À VEN 9 h  - 14 h 30 18 h 30 - 21 h SAM 9 h 18 h DIM 13 h - 18 h
CC-SX,108,LUN À VEN 9 h - 21 h  SAM et DIM 9 h - 18 h
CC-SX,332,LUN À VEN 9 h - 21 h  SAM et DIM 9 h - 18 h
CH-AA,28,LUN À VEN 9 h - 21 h SAM 9 h - 18 h DIM 13 h - 18 h
CH-AA,108,LUN À VEN 9 h - 21 h SAM 9 h - 18 h DIM 13 h - 18 h
CH-AA,125,LUN À VEN 9 h - 21 h SAM 9 h - 18 h DIM 13 h - 18 h
CH-AB,28,LUN À VEN 9 h 30 - 16 h 18 h - 21 h SAM 9 h 18 h DIM 13 h - 18 h
CH-AB,33,LUN À VEN 9 h 30 - 16 h 18 h - 21 h SAM 9 h 18 h DIM 13 h - 18 h
CH-AB,109,LUN À VEN 9 h 30 - 16 h 18 h - 21 h SAM 9 h 18 h DIM 13 h - 18 h
CH-AB,125,LUN À VEN 9 h 30 - 16 h 18 h - 21 h SAM 9 h 18 h DIM 13 h - 18 h
CH-AC,34,LUN À SAM 9 h - 18 h DIM 13 h - 18 h
CH-AC,125,LUN À SAM 9 h - 18 h DIM 13 h - 18 h
CH-AD,28,LUN À VEN 9 h - 16 h 18 h 30 - 21 h SAM 9 h 18 h DIM 13 h - 18 h
CH-AD,32,LUN À VEN 9 h - 16 h 18 h 30 - 21 h SAM 9 h 18 h DIM 13 h - 18 h
CH-AD,110,LUN À VEN 9 h - 16 h 18 h 30 - 21 h SAM 9 h 18 h DIM 13 h - 18 h
CH-AD,125,LUN À VEN 9 h - 16 h 18 h 30 - 21 h SAM 9 h 18 h DIM 13 h - 18 h
CH-AE,108,LUN À VEN 9 h - 21 h SAM 9 h - 17 h DIM 13 h - 17h
CH-AE,127,LUN À VEN 9 h - 21 h SAM 9 h - 17 h DIM 13 h - 17h
CH-AE,166,LUN À VEN 9 h - 21 h SAM 9 h - 17 h DIM 13 h - 17h
CH-AI,28,LUN À VEN 9 h - 16 h 18 h - 21 h SAM 9 h 18 h DIM 13 h - 18 h
CH-AI,32,LUN À VEN 9 h - 16 h 18 h - 21 h SAM 9 h 18 h DIM 13 h - 18 h
CH-AI,109,LUN À VEN 9 h - 16 h 18 h - 21 h SAM 9 h 18 h DIM 13 h - 18 h
CH-AI,125,LUN À VEN 9 h - 16 h 18 h - 21 h SAM 9 h 18 h DIM 13 h - 18 h
CH-AJ,27,LUN À VEN 9 h 30 - 15 h 30 18 h - 21 h SAM 9 h 18 h DIM 13 h - 18 h
CH-AJ,28,LUN À VEN 9 h 30 - 15 h 30 18 h - 21 h SAM 9 h 18 h DIM 13 h - 18 h
CH-AJ,109,LUN À VEN 9 h 30 - 15 h 30 18 h - 21 h SAM 9 h 18 h DIM 13 h - 18 h
CH-AJ,125,LUN À VEN 9 h 30 - 15 h 30 18 h - 21 h SAM 9 h 18 h DIM 13 h - 18 h
CH-AK,28,LUN À VEN 9 h 30 - 21 h SAM 9 h 18 h DIM 13 h - 18 h
CH-AK,111,LUN À VEN 9 h 30 - 21 h SAM 9 h 18 h DIM 13 h - 18 h
CH-AK,125,LUN À VEN 9 h 30 - 21 h SAM 9 h 18 h DIM 13 h - 18 h
CH-AV,28,LUN À VEN 11 h - 21 h SAM 9 h 18 h DIM 13 h - 18 h
CH-AV,112,LUN À VEN 11 h - 21 h SAM 9 h 18 h DIM 13 h - 18 h
CH-AV,125,LUN À VEN 11 h - 21 h SAM 9 h 18 h DIM 13 h - 18 h
CH-AW,25,LUN ET MAR ET MER ET SAM 9 h - 18 h JEU ET VEN 9 h - 21 h DIM 13 h - 18 h
CH-AW,26,LUN ET MAR ET MER ET SAM 9 h - 18 h JEU ET VEN 9 h - 21 h DIM 13 h - 18 h
CH-AW,28,LUN ET MAR ET MER ET SAM 9 h - 18 h JEU ET VEN 9 h - 21 h DIM 13 h - 18 h
CH-AW,125,LUN ET MAR ET MER ET SAM 9 h - 18 h JEU ET VEN 9 h - 21 h DIM 13 h - 18 h
CH-AX,28,LUN ET MAR ET MER 12 h - 18 h JEU ET VEN 12 h - 21 h SAM 9 h - 18 h DIM 13 h - 18 h
CH-AX,71,LUN ET MAR ET MER 12 h - 18 h JEU ET VEN 12 h - 21 h SAM 9 h - 18 h DIM 13 h - 18 h
CH-AX,72,LUN ET MAR ET MER 12 h - 18 h JEU ET VEN 12 h - 21 h SAM 9 h - 18 h DIM 13 h - 18 h
CH-AX,125,LUN ET MAR ET MER 12 h - 18 h JEU ET VEN 12 h - 21 h SAM 9 h - 18 h DIM 13 h - 18 h
CH-AY,28,LUN À VEN 17H30 - 21H SAMEDI 9H - 18H DIMANCHE 13H - 18H
CH-AY,113,LUN À VEN 17H30 - 21H SAMEDI 9H - 18H DIMANCHE 13H - 18H
CH-AY,125,LUN À VEN 17H30 - 21H SAMEDI 9H - 18H DIMANCHE 13H - 18H
CH-AZ,28,LUN - VEN 10h - 15h30 18h - 21h SAM 9h - 18h DIM 13h - 18h
CH-AZ,109,LUN - VEN 10h - 15h30 18h - 21h SAM 9h - 18h DIM 13h - 18h
CH-AZ,125,LUN - VEN 10h - 15h30 18h - 21h SAM 9h - 18h DIM 13h - 18h
CH-AZ,294,LUN - VEN 10h - 15h30 18h - 21h SAM 9h - 18h DIM 13h - 18h
CH-BE,64,LUN À SAM 9 h - 17 h DIM 13 h - 17 h
CH-BE,127,LUN À SAM 9 h - 17 h DIM 13 h - 17 h
CH-BG,28,LUN ET MAR ET MER 9 h - 16 h JEU ET VEN 9h - 16h et 18h - 21h SAM 9h - 18h DIM 13 h - 18 h
CH-BG,32,LUN ET MAR ET MER 9 h - 16 h JEU ET VEN 9h - 16h et 18h - 21h SAM 9h - 18h DIM 13 h - 18 h
CH-BG,35,LUN ET MAR ET MER 9 h - 16 h JEU ET VEN 9h - 16h et 18h - 21h SAM 9h - 18h DIM 13 h - 18 h
CH-BG,125,LUN ET MAR ET MER 9 h - 16 h JEU ET VEN 9h - 16h et 18h - 21h SAM 9h - 18h DIM 13 h - 18 h
CH-CC,109,LUN À VEN 18 h - 21 h SAM - DIM 9 h - 18 h
CH-CC,332,LUN À VEN 18 h - 21 h SAM - DIM 9 h - 18 h
CH-DD,28,LUN À VEN 9 h 30 - 18 h SAM 9 h - 18 h DIM 13 h - 18 h
CH-DD,82,LUN À VEN 9 h 30 - 18 h SAM 9 h - 18 h DIM 13 h - 18 h
CH-DD,125,LUN À VEN 9 h 30 - 18 h SAM 9 h - 18 h DIM 13 h - 18 h
CH-DG,27,LUN À VEN 9 h 30 - 15 h 30 SAM 9 h - 18 h DIM 13 h - 18 h
CH-DG,28,LUN À VEN 9 h 30 - 15 h 30 SAM 9 h - 18 h DIM 13 h - 18 h
CH-DG,125,LUN À VEN 9 h 30 - 15 h 30 SAM 9 h - 18 h DIM 13 h - 18 h
CH-DH,28,LUN À VEN 9 h 30 - 15 h SAM 9 h 18 h DIM 13 h - 18 h
CH-DH,67,LUN À VEN 9 h 30 - 15 h SAM 9 h 18 h DIM 13 h - 18 h
CH-DH,125,LUN À VEN 9 h 30 - 15 h SAM 9 h 18 h DIM 13 h - 18 h
CH-DI,28,LUN À VEN 10 h - 15 h 18 h  - 21 h SAM 9 h 18 h DIM 13 h - 18 h
CH-DI,109,LUN À VEN 10 h - 15 h 18 h  - 21 h SAM 9 h 18 h DIM 13 h - 18 h
CH-DI,125,LUN À VEN 10 h - 15 h 18 h  - 21 h SAM 9 h 18 h DIM 13 h - 18 h
CH-DI,1366,LUN À VEN 10 h - 15 h 18 h  - 21 h SAM 9 h 18 h DIM 13 h - 18 h
CH-PB,28,LUN À VEN 9 h - 15 h 30 17 h 30 - 21 h SAM 9 h 18 h DIM 13 h - 18 h
CH-PB,31,LUN À VEN 9 h - 15 h 30 17 h 30 - 21 h SAM 9 h 18 h DIM 13 h - 18 h
CH-PB,113,LUN À VEN 9 h - 15 h 30 17 h 30 - 21 h SAM 9 h 18 h DIM 13 h - 18 h
CH-PB,125,LUN À VEN 9 h - 15 h 30 17 h 30 - 21 h SAM 9 h 18 h DIM 13 h - 18 h
CH-PY,28,LUN À VEN 9 h - 19 h SAM 9 h - 18 h DIM 13 h - 18 h
CH-PY,125,LUN À VEN 9 h - 19 h SAM 9 h - 18 h DIM 13 h - 18 h
CH-PY,1413,LUN À VEN 9 h - 19 h SAM 9 h - 18 h DIM 13 h - 18 h
CH-PZ,109,LUN À VEN 18 h - 21 h
CH-QD,28,LUN À VEN 9 h - 13 h 17 h - 21 h SAM 9 h 18 h DIM 13 h - 18 h
CH-QD,69,LUN À VEN 9 h - 13 h 17 h - 21 h SAM 9 h 18 h DIM 13 h - 18 h
CH-QD,114,LUN À VEN 9 h - 13 h 17 h - 21 h SAM 9 h 18 h DIM 13 h - 18 h
CH-QD,125,LUN À VEN 9 h - 13 h 17 h - 21 h SAM 9 h 18 h DIM 13 h - 18 h
CH-QE,28,LUN À VEN 12 h - 21 h SAM 9 h 18 h DIM 13 h - 18 h
CH-QE,115,LUN À VEN 12 h - 21 h SAM 9 h 18 h DIM 13 h - 18 h
CH-QE,125,LUN À VEN 12 h - 21 h SAM 9 h 18 h DIM 13 h - 18 h
CH-QF,27,LUN À VEN 9 h 30 - 15 h 30 18 h 30 - 21 h SAM 9 h 18 h DIM 13 h - 18 h
CH-QF,28,LUN À VEN 9 h 30 - 15 h 30 18 h 30 - 21 h SAM 9 h 18 h DIM 13 h - 18 h
CH-QF,110,LUN À VEN 9 h 30 - 15 h 30 18 h 30 - 21 h SAM 9 h 18 h DIM 13 h - 18 h
CH-QF,125,LUN À VEN 9 h 30 - 15 h 30 18 h 30 - 21 h SAM 9 h 18 h DIM 13 h - 18 h
CH-QR,28,LUN À VEN 9 h 30 - 15 h 18 h 30 - 21 h SAM 9 h 18 h DIM 13 h - 18 h
CH-QR,67,LUN À VEN 9 h 30 - 15 h 18 h 30 - 21 h SAM 9 h 18 h DIM 13 h - 18 h
CH-QR,110,LUN À VEN 9 h 30 - 15 h 18 h 30 - 21 h SAM 9 h 18 h DIM 13 h - 18 h
CH-QR,125,LUN À VEN 9 h 30 - 15 h 18 h 30 - 21 h SAM 9 h 18 h DIM 13 h - 18 h
CH-QS,28,LUN À VEN 9 h - 15 h 30 SAM 9 h - 18 h DIM 13 h - 18 h
CH-QS,31,LUN À VEN 9 h - 15 h 30 SAM 9 h - 18 h DIM 13 h - 18 h
CH-QS,125,LUN À VEN 9 h - 15 h 30 SAM 9 h - 18 h DIM 13 h - 18 h
CH-QT,28,LUN À VEN 9 h - 15 h 30 18 h 30 - 21 h SAM 9 h 18 h DIM 13 h - 18 h
CH-QT,31,LUN À VEN 9 h - 15 h 30 18 h 30 - 21 h SAM 9 h 18 h DIM 13 h - 18 h
CH-QT,110,LUN À VEN 9 h - 15 h 30 18 h 30 - 21 h SAM 9 h 18 h DIM 13 h - 18 h
CH-QT,125,LUN À VEN 9 h - 15 h 30 18 h 30 - 21 h SAM 9 h 18 h DIM 13 h - 18 h
CH-QW,28,LUN À VEN 9 h 30 - 16 h SAM 9 h - 18 h DIM 13 h - 18 h
CH-QW,33,LUN À VEN 9 h 30 - 16 h SAM 9 h - 18 h DIM 13 h - 18 h
CH-QW,125,LUN À VEN 9 h 30 - 16 h SAM 9 h - 18 h DIM 13 h - 18 h
CH-QX,28,LUN À VEN 17 h - 21 h SAM 9 h - 18 h DIM 13 h - 18 h
CH-QX,114,LUN À VEN 17 h - 21 h SAM 9 h - 18 h DIM 13 h - 18 h
CH-QX,125,LUN À VEN 17 h - 21 h SAM 9 h - 18 h DIM 13 h - 18 h
CH-QY,28,LUN À VEN 15 h - 18 h SAM 9 h - 18 h DIM 13 h - 18 h
CH-QY,125,LUN À VEN 15 h - 18 h SAM 9 h - 18 h DIM 13 h - 18 h
CH-QY,175,LUN À VEN 15 h - 18 h SAM 9 h - 18 h DIM 13 h - 18 h
CH-QZ,28,LUN À VEN 10h30 - 14 h et 16h - 21h SAM 9h - 18h DIM 13h - 21h
CH-QZ,104,LUN À VEN 10h30 - 14 h et 16h - 21h SAM 9h - 18h DIM 13h - 21h
CH-QZ,125,LUN À VEN 10h30 - 14 h et 16h - 21h SAM 9h - 18h DIM 13h - 21h
CH-QZ,1359,LUN À VEN 10h30 - 14 h et 16h - 21h SAM 9h - 18h DIM 13h - 21h
CH-RC,28,LUN À VEN 9 h - 15 h 30 18 h - 21 h SAM 9 h 18 h DIM 13 h - 18 h
CH-RC,31,LUN À VEN 9 h - 15 h 30 18 h - 21 h SAM 9 h 18 h DIM 13 h - 18 h
CH-RC,109,LUN À VEN 9 h - 15 h 30 18 h - 21 h SAM 9 h 18 h DIM 13 h - 18 h
CH-RC,125,LUN À VEN 9 h - 15 h 30 18 h - 21 h SAM 9 h 18 h DIM 13 h - 18 h
CH-RG,28,LUN À VEN 9 h - 16 h SAM 9 h 18 h DIM 13 h - 18 h
CH-RG,32,LUN À VEN 9 h - 16 h SAM 9 h 18 h DIM 13 h - 18 h
CH-RG,125,LUN À VEN 9 h - 16 h SAM 9 h 18 h DIM 13 h - 18 h
CH-RN,28,LUN À VEN 9 h - 15 h  18 h 30 - 21 h SAM 9 h 18 h DIM 13 h - 18 h
CH-RN,30,LUN À VEN 9 h - 15 h  18 h 30 - 21 h SAM 9 h 18 h DIM 13 h - 18 h
CH-RN,110,LUN À VEN 9 h - 15 h  18 h 30 - 21 h SAM 9 h 18 h DIM 13 h - 18 h
CH-RN,125,LUN À VEN 9 h - 15 h  18 h 30 - 21 h SAM 9 h 18 h DIM 13 h - 18 h
CH-RP,28,LUN À VEN 9 h - 13 h 16 h  - 21 h SAM 9 h 18 h DIM 13 h - 18 h
CH-RP,69,LUN À VEN 9 h - 13 h 16 h  - 21 h SAM 9 h 18 h DIM 13 h - 18 h
CH-RP,104,LUN À VEN 9 h - 13 h 16 h  - 21 h SAM 9 h 18 h DIM 13 h - 18 h
CH-RP,125,LUN À VEN 9 h - 13 h 16 h  - 21 h SAM 9 h 18 h DIM 13 h - 18 h
CH-RT,142,9 h - 21 h
CH-RX,125,LUN À SAM 9 h - 21 h DIM 13 h - 18 h
CH-RX,158,LUN À SAM 9 h - 21 h DIM 13 h - 18 h
CH-RZ,28,LUN À VEN 16 h - 21 h SAM 9 h - 18 h DIM 13 h - 18 h
CH-RZ,104,LUN À VEN 16 h - 21 h SAM 9 h - 18 h DIM 13 h - 18 h
CH-RZ,125,LUN À VEN 16 h - 21 h SAM 9 h - 18 h DIM 13 h - 18 h
CH-SE,28,LUN À VEN 18 h - 21 h  SAM 9 h - 18 h DIM 13 h - 18 h
CH-SE,109,LUN À VEN 18 h - 21 h  SAM 9 h - 18 h DIM 13 h - 18 h
CH-SE,125,LUN À VEN 18 h - 21 h  SAM 9 h - 18 h DIM 13 h - 18 h
CH-SF,109,LUN À VEN 18 h - 21 h  DIM 13 h - 18 h
CH-SF,125,LUN À VEN 18 h - 21 h  DIM 13 h - 18 h
CH-SG,104,LUN À VEN 16 h - 21 h  SAM 16 h - 18 h DIM 13 h - 18 h
CH-SG,125,LUN À VEN 16 h - 21 h  SAM 16 h - 18 h DIM 13 h - 18 h
CH-SG,185,LUN À VEN 16 h - 21 h  SAM 16 h - 18 h DIM 13 h - 18 h
CH-SI,28,LUN À VEN 9 h 30 - 14 h 30 18 h 30 - 21 h SAM 9 h 18 h DIM 13 h - 18 h
CH-SI,110,LUN À VEN 9 h 30 - 14 h 30 18 h 30 - 21 h SAM 9 h 18 h DIM 13 h - 18 h
CH-SI,120,LUN À VEN 9 h 30 - 14 h 30 18 h 30 - 21 h SAM 9 h 18 h DIM 13 h - 18 h
CH-SI,125,LUN À VEN 9 h 30 - 14 h 30 18 h 30 - 21 h SAM 9 h 18 h DIM 13 h - 18 h
CH-SK,28,LUN À VEN 9 h - 14 h 30 18 h 30 - 21 h SAM 9 h 18 h DIM 13 h - 18 h
CH-SK,110,LUN À VEN 9 h - 14 h 30 18 h 30 - 21 h SAM 9 h 18 h DIM 13 h - 18 h
CH-SK,125,LUN À VEN 9 h - 14 h 30 18 h 30 - 21 h SAM 9 h 18 h DIM 13 h - 18 h
CH-SK,188,LUN À VEN 9 h - 14 h 30 18 h 30 - 21 h SAM 9 h 18 h DIM 13 h - 18 h
CH-SR,114,LUN À VEN 17 h - 21 h  ET DIM 13 h - 18 h
CH-SR,125,LUN À VEN 17 h - 21 h  ET DIM 13 h - 18 h
CH-ST,28,LUN À VEN 15 h - 21 h  SAM 9 h - 18 h DIM 13 h - 18 h
CH-ST,125,LUN À VEN 15 h - 21 h  SAM 9 h - 18 h DIM 13 h - 18 h
CH-ST,236,LUN À VEN 15 h - 21 h  SAM 9 h - 18 h DIM 13 h - 18 h
CH-SU,28,LUN À VEN 18 h 30 - 21 h SAM 9 h - 18 h DIM 13 h - 18 h
CH-SU,110,LUN À VEN 18 h 30 - 21 h SAM 9 h - 18 h DIM 13 h - 18 h
CH-SU,125,LUN À VEN 18 h 30 - 21 h SAM 9 h - 18 h DIM 13 h - 18 h
CH-SV,28,LUN À VEN 15 h 30 - 21 h SAM 9 h - 18 h DIM 13 h - 18 
CH-SV,125,LUN À VEN 15 h 30 - 21 h SAM 9 h - 18 h DIM 13 h - 18 
CH-SV,246,LUN À VEN 15 h 30 - 21 h SAM 9 h - 18 h DIM 13 h - 18 
CH-SW,28,LUN À VEN 10 h - 21 h SAM 9 h 18 h DIM 13 h 18 h
CH-SW,125,LUN À VEN 10 h - 21 h SAM 9 h 18 h DIM 13 h 18 h
CH-SW,300,LUN À VEN 10 h - 21 h SAM 9 h 18 h DIM 13 h 18 h
CH-SX,108,LUN À VEN 9 h - 21 h SAM et DIM 9 h - 18 h
CH-SX,332,LUN À VEN 9 h - 21 h SAM et DIM 9 h - 18 h
CH-SY,108,LUN À VEN 11 h - 21 h SAM et DIM 9 h - 18 h
CH-SY,332,LUN À VEN 11 h - 21 h SAM et DIM 9 h - 18 h
CH-SZ,236,LUN À VEN 15 h - 21 h SAM et DIM 9 h - 18 h
CH-SZ,332,LUN À VEN 15 h - 21 h SAM et DIM 9 h - 18 h
CH-TA,28,LUN À VEN 14 h - 21 h SAM 9 h - 18h DIM 13 h - 18 h
CH-TA,125,LUN À VEN 14 h - 21 h SAM 9 h - 18h DIM 13 h - 18 h
CH-TA,297,LUN À VEN 14 h - 21 h SAM 9 h - 18h DIM 13 h - 18 h
CH-TC,108,LUN À VEN 9 h  - 21 h
CH-TD,28,LUN À VEN 19 h - 21 h  SAM 9 h - 18 h DIM 13 h - 18 h
CH-TD,121,LUN À VEN 19 h - 21 h  SAM 9 h - 18 h DIM 13 h - 18 h
CH-TD,125,LUN À VEN 19 h - 21 h  SAM 9 h - 18 h DIM 13 h - 18 h
CH-TE,111,LUN À VEN 9 h 30 - 21 h
CH-TM,28,LUN À VEN 9 h 30 - 15 h 18 h - 21 h SAM 9 h 18 h DIM 13 h - 18 h
CH-TM,67,LUN À VEN 9 h 30 - 15 h 18 h - 21 h SAM 9 h 18 h DIM 13 h - 18 h
CH-TM,109,LUN À VEN 9 h 30 - 15 h 18 h - 21 h SAM 9 h 18 h DIM 13 h - 18 h
CH-TM,125,LUN À VEN 9 h 30 - 15 h 18 h - 21 h SAM 9 h 18 h DIM 13 h - 18 h
CH-TN,28,SAM 9 h 18 h DIM 13 h - 18 h
CH-TN,125,SAM 9 h 18 h DIM 13 h - 18 h
CH-TP,28,LUN À VEN 9 h - 11 h  14 h -15 h 30 18 h 30- 21 h SAM 9 h - 18 h DIM 13 h - 18 h
CH-TP,110,LUN À VEN 9 h - 11 h  14 h -15 h 30 18 h 30- 21 h SAM 9 h - 18 h DIM 13 h - 18 h
CH-TP,125,LUN À VEN 9 h - 11 h  14 h -15 h 30 18 h 30- 21 h SAM 9 h - 18 h DIM 13 h - 18 h
CH-TP,253,LUN À VEN 9 h - 11 h  14 h -15 h 30 18 h 30- 21 h SAM 9 h - 18 h DIM 13 h - 18 h
CH-TP,254,LUN À VEN 9 h - 11 h  14 h -15 h 30 18 h 30- 21 h SAM 9 h - 18 h DIM 13 h - 18 h
CH-TQ,110,LUN À VEN 18 h 30- 21 h SAM 15 h 30 - 18 h DIM 13 h - 18 h
CH-TQ,125,LUN À VEN 18 h 30- 21 h SAM 15 h 30 - 18 h DIM 13 h - 18 h
CH-TQ,256,LUN À VEN 18 h 30- 21 h SAM 15 h 30 - 18 h DIM 13 h - 18 h
CH-TT,1372,24 HEURES - 7 JOURS SUR 7
CH-TX,259,LUN À VEN. 9h - 18h
CH-TY,283,9h - MINUIT - TOUS LES JOURS
CH-UB,28,LUN JEU VEN 9 h - 21 h MAR 14 h - 21 h MER 11 h - 21 h SAM 9 h 18 h DIM 13 h - 18 h
CH-UB,125,LUN JEU VEN 9 h - 21 h MAR 14 h - 21 h MER 11 h - 21 h SAM 9 h 18 h DIM 13 h - 18 h
CH-UB,1402,LUN JEU VEN 9 h - 21 h MAR 14 h - 21 h MER 11 h - 21 h SAM 9 h 18 h DIM 13 h - 18 h
CH-UB,1403,LUN JEU VEN 9 h - 21 h MAR 14 h - 21 h MER 11 h - 21 h SAM 9 h 18 h DIM 13 h - 18 h
CH-UB,1404,LUN JEU VEN 9 h - 21 h MAR 14 h - 21 h MER 11 h - 21 h SAM 9 h 18 h DIM 13 h - 18 h
CH-UC,28,LUN À VEN 9 h - 12 h 17 h - 21 h SAM 9 h - 18 h DIM 13 h - 18 h
CH-UC,114,LUN À VEN 9 h - 12 h 17 h - 21 h SAM 9 h - 18 h DIM 13 h - 18 h
CH-UC,125,LUN À VEN 9 h - 12 h 17 h - 21 h SAM 9 h - 18 h DIM 13 h - 18 h
CH-UC,1434,LUN À VEN 9 h - 12 h 17 h - 21 h SAM 9 h - 18 h DIM 13 h - 18 h
CH-UD,114,LUN À VEN 17 h - 21h
CH-UF,28,LUN À VEN 13 h 30 - 21h  SAM 9 h - 18 h DIM 13 h - 18 h
CH-UF,125,LUN À VEN 13 h 30 - 21h  SAM 9 h - 18 h DIM 13 h - 18 h
CH-UF,317,LUN À VEN 13 h 30 - 21h  SAM 9 h - 18 h DIM 13 h - 18 h
CH-UH,28,LUN À VEN 10h - 14h30 19h30 - 21 h SAM 9 h 18 h DIM 13 h - 18 h
CH-UH,125,LUN À VEN 10h - 14h30 19h30 - 21 h SAM 9 h 18 h DIM 13 h - 18 h
CH-UH,192,LUN À VEN 10h - 14h30 19h30 - 21 h SAM 9 h 18 h DIM 13 h - 18 h
CH-UH,1444,LUN À VEN 10h - 14h30 19h30 - 21 h SAM 9 h 18 h DIM 13 h - 18 h
CH-UO,28,LUN À VEN  13h - 21h et SAM 9h - 18h DIM 13h - 18h
CH-UO,125,LUN À VEN  13h - 21h et SAM 9h - 18h DIM 13h - 18h
CH-UO,286,LUN À VEN  13h - 21h et SAM 9h - 18h DIM 13h - 18h
CH-UQ,28,LUN À VEN 19 h 30 - 21 h  SAM 9 h - 18 h DIM 13 h - 18 h
CH-UQ,125,LUN À VEN 19 h 30 - 21 h  SAM 9 h - 18 h DIM 13 h - 18 h
CH-UQ,192,LUN À VEN 19 h 30 - 21 h  SAM 9 h - 18 h DIM 13 h - 18 h
CH-VA,108,LUN à VEN 9h - 21h et SAM et DIM 9h-18h
CH-VA,332,LUN à VEN 9h - 21h et SAM et DIM 9h-18h
CH-VB,28,LUN À VEN 9 h - 21 h SAM 9 h - 18 h DIM 13 h - 18 h
CH-VB,108,LUN À VEN 9 h - 21 h SAM 9 h - 18 h DIM 13 h - 18 h
CH-VB,125,LUN À VEN 9 h - 21 h SAM 9 h - 18 h DIM 13 h - 18 h
CH-WA,121,LUN À VEN 9 h - 14 h et 19h-21h SAM 9h - 14h DIM 13 h - 14 h
CH-WA,305,LUN À VEN 9 h - 14 h et 19h-21h SAM 9h - 14h DIM 13 h - 14 h
CH-WA,1469,LUN À VEN 9 h - 14 h et 19h-21h SAM 9h - 14h DIM 13 h - 14 h
CH-ZA,1371,6 h - 17 h LUN à VEN
CH-ZX,28,LUN JEU 9h - 21h et SAM 9h - 18h
CH-ZX,210,LUN JEU 9h - 21h et SAM 9h - 18h
CH-ZX,328,LUN JEU 9h - 21h et SAM 9h - 18h
CH-ZY,28,SAM et DIM 9h - 18h
CH-ZY,1412,SAM et DIM 9h - 18h
CI-AV,45,STAT. INT. EXCEPTÉ LIVR. 8 h - 11 h LUN À VEN
CI-DA,47,P 15 min DÉB. 7 h - 9 h et 16 h - 18 h LUN À VEN
CI-DA,100,P 15 min DÉB. 7 h - 9 h et 16 h - 18 h LUN À VEN
CI-DB,37,P 15 min DÉB. 7 h -9 h 30 et 15 h 30 - 18 h LUN À VEN
CI-DB,62,P 15 min DÉB. 7 h -9 h 30 et 15 h 30 - 18 h LUN À VEN
CI-DE,37,P 15 min DÉB. 7 h - 9 h 30 LUN À VEN
CI-PB,53,ARRET INT. 15 h 30 - 17 h 30 LUN À VEN
CI-QN,57,ARRET INT. 6 h 30 - 9 h 30 LUN À VEN
CI-QO,58,ARRET INT. 15 h 30 - 18 h 30 LUN À VEN
CI-QY,38,ARRET INT. 8 h - 9 h 30 et 16 h - 18 h LUN À VEN
CI-QY,47,ARRET INT. 8 h - 9 h 30 et 16 h - 18 h LUN À VEN
CI-RG,48,ARRET INT. 16 h - 18 h 30 LUN À VEN
CI-SD,40,P 15 min.  Débarcadère 7h-9h30 et 15h-18h Lun au Ven
CI-SD,175,P 15 min.  Débarcadère 7h-9h30 et 15h-18h Lun au Ven
CI-SE,181,P 15 min Déb. 7 h - 18 h LUN À VEN
CI-SF,182,STAT. INT. 8 h - 18 h LUN À SAM
CI-SH,47,STAT. INT. 7 h - 9 h ET 16 h - 18 h LUN À VEN
CI-SH,100,STAT. INT. 7 h - 9 h ET 16 h - 18 h LUN À VEN
CI-SL,33,STAT. INT. 9 h 30 - 16 h LUN À VEN
CP-AA,28,LUN À VEN 9 h - 21 h SAM 9 h - 18 h
CP-AA,108,LUN À VEN 9 h - 21 h SAM 9 h - 18 h
CR-AY,60,ARRET INT. 6 h - 9 h 30 LUN À VEN AVEC REMORQUAGE
CR-QN,57,ARRET INT. 6 h 30 - 9 h 30 LUN À VEN. AVEC REMORQUAGE
CR-QO,58,ARRET INT. 15 h 30 - 18 h 30 LUN À VEN AVEC REMORQUAGE
CR-QP,57,ARRET INT. 6 h 30 - 9 h 30 et 15 h 30 - 18 h 30 LUN À VEN AVEC REMORQUAGE
CR-QP,58,ARRET INT. 6 h 30 - 9 h 30 et 15 h 30 - 18 h 30 LUN À VEN AVEC REMORQUAGE
CR-RN,80,ARRET INT. 15 h - 18 h 30 LUN À VEN AVEC  REMORQUAGE
CR-SK,186,ARRET INT. 14 h 30 - 18 h 30 LUN À VEN AVEC REMORQUAGE
CU-AA,25,LUN ET MAR ET MER ET SAM 9 h - 18 h JEU ET VEN 9 h - 21 h
CU-AA,26,LUN ET MAR ET MER ET SAM 9 h - 18 h JEU ET VEN 9 h - 21 h
CU-AA,28,LUN ET MAR ET MER ET SAM 9 h - 18 h JEU ET VEN 9 h - 21 h
CU-AC,34,LUN À SAM 9 h - 18 h
GR-AA,1480,Stationnement gratuit 8h-10h  LUN-VEN (test GTR)
GR-AC,255,Stationnement gratuit 11h-14h  LUN-VEN (test GTR)
GR-AD,1481,Stationnement gratuit 12h-14h  LUN-VEN (test GTR)
GR-AE,1482,Stationnement gratuit 13h-14h LUN-VEN (test GTR)
GR-AF,175,Stationnement gratuit 15h-18h LUN-VEN (test GTR)
GR-AG,47,Stationnement gratuit 16h-18h LUN-VEN (test GTR)
GR-AJ,1372,Stationnement gratuit 00h-00h - 24h  LUN à DIM (test GTR)
IN-AA,1473,Stationnement interdit 8h-9h LUN - VEN (test GTR)
IN-AB,1474,Stationnement interdit 8h-9h30 LUN-VEN (test GTR)
IN-AC,1434,Stationnement interdit 9h-12h LUN-VEN (test GTR)
IN-AD,1475,Stationnement interdit 9h-10h LUN-VEN (test GTR)
IN-AE,1476,Stationnement interdit 10h-11h LUN-VEN (test GTR)
IN-AF,1477,Stationnement interdit 10h-12h LUN-VEN (test GTR)
IN-AG,66,Stationnement interdit 12h-15h LUN-VEN (test GTR)
IN-AH,1483,Stationnement interdit 11h-12h LUN-VEN (test GTR)
IN-AI,1484,Stationnement interdit 14h-15h LUN-VEN (test GTR)
IN-AJ,1485,Stationnement interdit 16h-17h LUN-VEN (test GTR)
IN-AK,1486,Stationnement interdit 18h-19h LUN-VEN (test GTR)
IN-AL,255,Stationnement interdit 11h-14h LUN-VEN (test GTR)
IN-AM,1479,Stationnement interdit 13h-15h LUN-VEN (test GTR)
IN-AN,175,Stationnement interdit 15h-18h LUN-VEN (test GTR)
IN-RA,1475,Arrêt interdit - remorquage 9h-10h LUN-VEN (test GTR)
IN-RB,1478,Arrêt interdit - remorquage 10h-13h LUN-VEN (test GTR)
IN-RC,1479,Arrêt interdit - remorquage 13h-15h LUN-VEN (test GTR)
IN-RD,1487,Arrêt interdit - remorquage 15h-15h30 LUN-VEN (test GTR)
IN-RE,1489,Arrêt interdit - remorquage 11h-13h LUN-VEN (test GTR)
IN-RF,330,Arrêt interdit - remorquage 12h-13h LUN-VEN (test GTR)
MM-08,259,9 h - 18 h  LUN - VEN (8 $ MAX) (Test GTR)
MM-10,259,9 h - 18 h  LUN - VEN (10$ MAX)
MN-08,283,9 h - MINUIT TOUS LES JOURS (8 $ MAX)
MQ-12,1371,6 h - 17 h LUN à VEN (12 $ MAX)
MT-10,1372,24h /24 7j /7 -  (10 $ / 24h)
MT-11,1372,24h /24 7j /7 -  (11 $ / 24h)
MT-12,1372,24h /24 7j /7 -  (12 $ / 24h)
MT-13,1372,24h /24 7j /7 -  (13 $ / 24h)
MT-14,1372,24h /24 7j /7 -  (14 $ / 24h)
MT-15,1372,24h /24 7j /7 -  (15 $ / 24h)
MT-16,1372,24h /24 7j /7 -  (16 $ / 24h)
MT-17,1372,24h /24 7j /7  (17$ / 24h)
MT-18,1372,24h /24 7j /7  (18$ / 24h)
MU-12,259,9 h - 18 h LUN - VEN (12 25$ MAX)
MU-18,1394,VEN 17h-00h SAM et DIM 24h (max 18$)
MU-18,1416,VEN 17h-00h SAM et DIM 24h (max 18$)
MV-10,28,9h-21h LUN à VEN 9h-18h SAM et 13h-18h DIM (Max 10$)
MV-10,108,9h-21h LUN à VEN 9h-18h SAM et 13h-18h DIM (Max 10$)
MV-10,125,9h-21h LUN à VEN 9h-18h SAM et 13h-18h DIM (Max 10$)
MV-12,108,9 h - 21 h LUN - VEN  et 9h-18h SAM-DIM (1225 $ MAX)
MV-12,332,9 h - 21 h LUN - VEN  et 9h-18h SAM-DIM (1225 $ MAX)
MV-14,125,9 h - 21 h LUN - SAM  et 13h-18h DIM (1400 $ MAX)
MV-14,158,9 h - 21 h LUN - SAM  et 13h-18h DIM (1400 $ MAX)
MV-18,1445,17 h - 6 h LUN - VEN(18$ MAX)
MV-18,1447,17 h - 6 h LUN - VEN(18$ MAX)
MX-01,109,MAX 3 h18 h - 21 h LUN À VEN
MX-02,28,MAX 3 h 9h - 18 h SAM et 13 h - 18 h DIM
MX-02,125,MAX 3 h 9h - 18 h SAM et 13 h - 18 h DIM
MX-03,142,MAX 4 h 9h - 21 h
MX-04,28,MAX 8 h 9h - 21 h LUN à VEN 9 h - 18 h  SAM et 13 h - 18 h DIM
MX-04,108,MAX 8 h 9h - 21 h LUN à VEN 9 h - 18 h  SAM et 13 h - 18 h DIM
MX-04,125,MAX 8 h 9h - 21 h LUN à VEN 9 h - 18 h  SAM et 13 h - 18 h DIM
MX-05,28,MAX 11 h 9 h - 21 h LUN à VEN 9 h - 18 h  SAM et 13 h - 18 h DIM
MX-05,108,MAX 11 h 9 h - 21 h LUN à VEN 9 h - 18 h  SAM et 13 h - 18 h DIM
MX-05,125,MAX 11 h 9 h - 21 h LUN à VEN 9 h - 18 h  SAM et 13 h - 18 h DIM
MX-06,28,MAX 3 h 9 h - 21 h LUN à VEN 9h - 18 h SAM
MX-06,108,MAX 3 h 9 h - 21 h LUN à VEN 9h - 18 h SAM
MX-07,28,MAX 3 h 9h - 18 h SAM
MX-10,125,MAX 3 h13 h - 18 h DIM
MX-11,34,MAX 3 h 9 h - 18 h LUN à SAM
MX-12,108,MAX 3 h 9 h - 21 h LUN à VEN
MX-14,28,MAX 4 h 9 h - 21 h LUN à VEN 9h - 18h SAM13h - 18h DIM 
MX-14,108,MAX 4 h 9 h - 21 h LUN à VEN 9h - 18h SAM13h - 18h DIM 
MX-14,125,MAX 4 h 9 h - 21 h LUN à VEN 9h - 18h SAM13h - 18h DIM 
MX-16,28,MAX 12 h 9 h - 21 h LUN à VEN 9h - 18h SAM 13h - 18h DIM  h 9 h - 21 h LUN à VEN 9 h - 18 h SAM 13 h - 18 h DIM
MX-16,108,MAX 12 h 9 h - 21 h LUN à VEN 9h - 18h SAM 13h - 18h DIM  h 9 h - 21 h LUN à VEN 9 h - 18 h SAM 13 h - 18 h DIM
MX-16,125,MAX 12 h 9 h - 21 h LUN à VEN 9h - 18h SAM 13h - 18h DIM  h 9 h - 21 h LUN à VEN 9 h - 18 h SAM 13 h - 18 h DIM
MX-17,35,MAX 3 h18 h - 21 h JEU ET VEN
MX-21,25,MAX 3 h 9 h - 18 h LUN ET MAR ET MER ET SAM 9h - 21h JEU ET VEN
MX-21,26,MAX 3 h 9 h - 18 h LUN ET MAR ET MER ET SAM 9h - 21h JEU ET VEN
MX-21,28,MAX 3 h 9 h - 18 h LUN ET MAR ET MER ET SAM 9h - 21h JEU ET VEN
MX-24,1372,24 HEURES - 7 JOURS SUR 7
MX-25,108,MAX 3 h 9 h - 21 h LUN à VEN 9h - 18 h SAM et DIM
MX-25,332,MAX 3 h 9 h - 21 h LUN à VEN 9h - 18 h SAM et DIM
MX-32,332,MAX 3 h 9h - 18 h SAM et DIM
MX-44,108,MAX 4 h 9 h - 21 h LUN à VEN 9h - 18h SAM et DIM
MX-44,332,MAX 4 h 9 h - 21 h LUN à VEN 9h - 18h SAM et DIM
MX-46,108,MAX 12 h 9 h - 21 h LUN à VEN 9h - 18h SAM et DIM  h 9 h - 21 h LUN à VEN 9 h - 18 h SAM et DIM
MX-46,332,MAX 12 h 9 h - 21 h LUN à VEN 9h - 18h SAM et DIM  h 9 h - 21 h LUN à VEN 9 h - 18 h SAM et DIM
MX-50,1495,MAX 5 h18 h - 23 h LUN À SAM
MX-61,1471,MAX 1h 9h - 20h LUN-VEN (TEST GTR)
MX-65,1391,MAX 3h 12h - 18h LUN-VEN (TEST GTR)
MX-66,28,MAX 10 h 9h - 21 h LUN à VEN 9 h - 18 h  SAM et 13 h - 18 h DIM
MX-66,108,MAX 10 h 9h - 21 h LUN à VEN 9 h - 18 h  SAM et 13 h - 18 h DIM
MX-66,125,MAX 10 h 9h - 21 h LUN à VEN 9 h - 18 h  SAM et 13 h - 18 h DIM
PA-TD,319,\P  Réservé aux handicapés
PA-VL,1437,Interdit d attacher vélo après un parcomètre
PC-GR,1437,Tarifé EXCEPTÉ pour les détenteurs d'une vignette SRRR du secteur
PC-PI,1437,Excepté périodes interdites
PC-TD,319,Réservée aux personnes handicapées
PC-VE,319,Réservée véhicule électrique en recharge (collant blanc officiel)
PC-VS,319,Stationnement réservé - véhicule électrique seulement
R747,116,Pour paiement des billets pour les autobus STM # 747
SH-AA,28,LUN À VEN 9 h - 21 h SAM 9 h 18 h
SH-AA,108,LUN À VEN 9 h - 21 h SAM 9 h 18 h
SH-AC,34,LUN À SAM 9 h - 18 h
SH-AJ,27,LUN À VEN 9 h 30 - 15 h 30 18 h - 21 h SAM 9 h 18 h
SH-AJ,28,LUN À VEN 9 h 30 - 15 h 30 18 h - 21 h SAM 9 h 18 h
SH-AJ,109,LUN À VEN 9 h 30 - 15 h 30 18 h - 21 h SAM 9 h 18 h
SH-DH,28,LUN À VEN 16h - 21h SAM 9h - 18h
SH-DH,104,LUN À VEN 16h - 21h SAM 9h - 18h
SH-DI,28,LUN À VEN 10 h  - 15 h 18 h - 21 h SAM 9 h 18 h
SH-DI,109,LUN À VEN 10 h  - 15 h 18 h - 21 h SAM 9 h 18 h
SH-DI,1366,LUN À VEN 10 h  - 15 h 18 h - 21 h SAM 9 h 18 h
SH-PD,28,LUN À VEN 18 h - 21 h  SAM 9 h  - 18 h
SH-PD,109,LUN À VEN 18 h - 21 h  SAM 9 h  - 18 h
SH-QE,28,LUN À VEN 12 h - 21 h SAM 9 h 18 h
SH-QE,115,LUN À VEN 12 h - 21 h SAM 9 h 18 h
SH-QT,28,LUN À VEN 9 h - 15 h 30 18 h 30 - 21 h SAM 9 h 18 h
SH-QT,31,LUN À VEN 9 h - 15 h 30 18 h 30 - 21 h SAM 9 h 18 h
SH-QT,110,LUN À VEN 9 h - 15 h 30 18 h 30 - 21 h SAM 9 h 18 h
SH-SD,28,LUN À VEN 9 h 30 - 15 h 18 h - 21 h SAM 9 h 18 h
SH-SD,67,LUN À VEN 9 h 30 - 15 h 18 h - 21 h SAM 9 h 18 h
SH-SD,109,LUN À VEN 9 h 30 - 15 h 18 h - 21 h SAM 9 h 18 h
SH-SR,28,LUN À VEN 10 h - 15 h et 19 h - 21 h SAM 9 h - 18 h
SH-SR,121,LUN À VEN 10 h - 15 h et 19 h - 21 h SAM 9 h - 18 h
SH-SR,1366,LUN À VEN 10 h - 15 h et 19 h - 21 h SAM 9 h - 18 h
SH-TZ,28,LUN À VEN 10 h -14 h et 16 h - 21 h SAM 9 h 18 h
SH-TZ,104,LUN À VEN 10 h -14 h et 16 h - 21 h SAM 9 h 18 h
SH-TZ,196,LUN À VEN 10 h -14 h et 16 h - 21 h SAM 9 h 18 h
SH-UA,28,LUN À VEN 17 h - 21 h SAM 9 h - 18 h
SH-UA,114,LUN À VEN 17 h - 21 h SAM 9 h - 18 h
SH-UB,121,LUN À VEN 19 h - 21 h
SH-UC,28,LUN À VEN 12 h - 18 h SAM 9 h 18 h
SH-UC,1391,LUN À VEN 12 h - 18 h SAM 9 h 18 h
SH-UD,114,LUN À VEN 17h à 21h
SH-UE,1494,LUN à VEN 20 h - 21 h
SH-UF,28,LUN À VEN 9 h 30 - 15 h 18 h - 21 h SAM 9 h - 18 h
SH-UF,67,LUN À VEN 9 h 30 - 15 h 18 h - 21 h SAM 9 h - 18 h
SH-UF,109,LUN À VEN 9 h 30 - 15 h 18 h - 21 h SAM 9 h - 18 h
SH-UW,28,LUN À JEU 10 h 30 - 14 h et 16 h 30 - 21 h VEN 10 h - 12 h et 14 h - 21 h  SAM 9 h - 18 h
SH-UW,200,LUN À JEU 10 h 30 - 14 h et 16 h 30 - 21 h VEN 10 h - 12 h et 14 h - 21 h  SAM 9 h - 18 h
SH-UW,1369,LUN À JEU 10 h 30 - 14 h et 16 h 30 - 21 h VEN 10 h - 12 h et 14 h - 21 h  SAM 9 h - 18 h
SH-UW,1455,LUN À JEU 10 h 30 - 14 h et 16 h 30 - 21 h VEN 10 h - 12 h et 14 h - 21 h  SAM 9 h - 18 h
SH-UW,1456,LUN À JEU 10 h 30 - 14 h et 16 h 30 - 21 h VEN 10 h - 12 h et 14 h - 21 h  SAM 9 h - 18 h
SI-AA,37,ARRET INT. 7 h - 9 h 30 LUN À VEN
SI-AB,38,ARRET INT.  8 h - 9 h 30 LUN À VEN
SI-AC,232,STAT. INT. EXCEPTÉ LIVR. 6h 7 h 8 h ou 9 h - 12 h LUN À VEN\P  EXCEPTÉ LIVRAISON 8 h - 12 h LUN À VEN
SI-AE,40,ARRET INT. 7 h 30 - 9 h 30 LUN À VEN
SI-AF,41,STAT. INT. EXCEPTÉ DÉB. 18 h - 24 h
SI-AK,38,STAT. INT. 7 h ou 8 h - 9 h 30 LUN À VEN
SI-AV,45,STAT. INT. EXCEPTÉ LIVR. 7h ou 8h ou 9h - 11h LUN À VEN
SI-AY,288,STAT. INT. 8 h ou 9 h - 15 h 30 LUN AU VEN
SI-AZ,62,P15 min DÉB. 7 h - 10 h et 15 h 30 - 18 h  LUN À VEN
SI-AZ,194,P15 min DÉB. 7 h - 10 h et 15 h 30 - 18 h  LUN À VEN
SI-BA,1381,ARRÊT INT. 5 h 30 - 21 h 30 LUN À VEN
SI-BB,1420,P 15 min  9 h - 19 h 7 jours / 7
SI-BC,1421,P 15 min  7 h - 18 h 7 jours / 7
SI-BD,1493,P 15 MIN  8 h - 20 h 7 jours / 7
SI-DA,46,P 15 min DÉB. 7 h - 9 h et 16 h - 18 h LUN À VEN
SI-DA,47,P 15 min DÉB. 7 h - 9 h et 16 h - 18 h LUN À VEN
SI-DB,37,P 15 min DÉB. 7 h -9 h 30 et 15 h 30 - 18 h LUN À VEN
SI-DB,62,P 15 min DÉB. 7 h -9 h 30 et 15 h 30 - 18 h LUN À VEN
SI-DC,40,P 15 min DÉB. 7 h 30 - 9 h 30 et 15 h 30 - 18 h LUN À VEN
SI-DC,62,P 15 min DÉB. 7 h 30 - 9 h 30 et 15 h 30 - 18 h LUN À VEN
SI-DE,37,P 15 min DÉB. 7 h - 9 h 30 LUN À VEN
SI-DF,62,P 15 min DÉB. 15 h 30 - 18 h LUN À VENP 15 min DÉB. 15 h 30 - 18 h LUN À VEN
SI-DI,175,P 15 min DÉB. 7 h  - 10 h et 15 h - 18 h LUN À VEN
SI-DI,194,P 15 min DÉB. 7 h  - 10 h et 15 h - 18 h LUN À VEN
SI-DL,48,ARRET INT. 16 h - 18 h 30 LUN À VEN 01/11 AU 31/12
SI-DM,48,ARRET INT. 16 h - 18 h 30 LUN À VEN 01/01 AU 31/03
SI-DN,100,P15min DÉB. 7 h - 9 h LUN À VEN 01 sept au 31 déc
SI-DO,100,P15min DÉB. 7 h -9 h LUN À VEN 01 jan au 30 juin
SI-DP,1371,STAT. INT. EXCEPTÉ PERMIS MENSUELS 6 h - 17 h LUN À VEN
SI-DQ,174,STAT. INT. EN TOUT TEMPS - 1 AVRIL AU 31 OCT (saisonnier)
SI-DS,174,STAT. INT. EN TOUT TEMPS - 1 AVRIL AU 15 OCT (saisonnier)
SI-DV,1371,STAT. INT. EXCEPTÉ PERMIS MENSUELS 6 h - 17 h L à V.
SI-DW,1436,STAT. INT. 7 h ou 8 h ou 9 h - 17 h
SI-DX,265,STAT. INT. 8h30 - 10h30 et 14h - 16h30 LUN - JEU 8h30 - 10h et 12h - 14h VEN 01 sept. au 30 juin
SI-DX,1370,STAT. INT. 8h30 - 10h30 et 14h - 16h30 LUN - JEU 8h30 - 10h et 12h - 14h VEN 01 sept. au 30 juin
SI-DX,1452,STAT. INT. 8h30 - 10h30 et 14h - 16h30 LUN - JEU 8h30 - 10h et 12h - 14h VEN 01 sept. au 30 juin
SI-DX,1453,STAT. INT. 8h30 - 10h30 et 14h - 16h30 LUN - JEU 8h30 - 10h et 12h - 14h VEN 01 sept. au 30 juin
SI-DY,265,STAT. INT. 8h30 - 10h30 et 14h - 16h30 LUN - JEU 8h30 - 10h et 12h - 14h VEN 01 sept. au 30 juin
SI-DY,1370,STAT. INT. 8h30 - 10h30 et 14h - 16h30 LUN - JEU 8h30 - 10h et 12h - 14h VEN 01 sept. au 30 juin
SI-DY,1452,STAT. INT. 8h30 - 10h30 et 14h - 16h30 LUN - JEU 8h30 - 10h et 12h - 14h VEN 01 sept. au 30 juin
SI-DY,1453,STAT. INT. 8h30 - 10h30 et 14h - 16h30 LUN - JEU 8h30 - 10h et 12h - 14h VEN 01 sept. au 30 juin
SI-DZ,203,STAT. INT. 7 h ou 8 h ou 9 h - 17 h LUN À VEN 01 juillet au 31 août
SI-EA,1514,STAT. INT. EXCEPTÉ LIVR. 8 h 30 - 10 h LUN À VEN
SI-EB,1515,STAT. INT. EXCEPTÉ AUTOBUS. 8 h 30 - 15 h 30 LUN À VEN
SI-EC,1516,STAT. INT. Débarcadère. 15 mins 6 h - 18 h LUN À VEN
SI-ED,108,STAT. INT. Livraison 9 h - 21 h LUN À VEN
SI-EF,1547,STAT. INT. 5 h - 9 h 7jrs/7 EXCEPTÉ LIVRAISON
SI-MA,78,STAT. INT. 8 h - 9 h LUN À VEN
SI-MB,1399,ARRET INT. 6 h ou 6 h 30 - 9 h LUN À VEN
SI-MC,181,STAT. INT. 7h - 18h LUN à VEN EXCEPTÉ  LIVRAISON
SI-NA,56,STAT. INT. 17 h - 9 h
SI-NA,101,STAT. INT. 17 h - 9 h
SI-NC,109,STAT. INT. 18 h - 21 h LUN À VEN
SI-NE,1416,STAT. INT. 0 h - 24 h SAM et DIM
SI-NF,1417,P 15 min DÉB 9 h - 18 h
SI-NG,54,STAT. INT. 13h - 17 h LUN À VEN
SI-NQ,1444,STAT. INT. 10 h - 14 h 30 LUN À VEN
SI-NR,1448,STAT. INT.19 h 30 - 24 h
SI-NT,1436,STAT. INT. 9  h - 17 h tous les jours excepté livraison
SI-NU,296,STAT. INT. EXCEPTÉ DÉB. 15 min 14h - 16h LUN à VEN du 1 sept au 30 juin
SI-PA,52,STAT. INT. EXCEPTÉ PERMIS 18 h - 23 h
SI-PB,53,ARRET INT. 15 h 30 - 17 h 30 LUN À VEN
SI-PC,54,STAT. INT. EXCEPTÉ LIVR. 13 h - 17 h LUN À VEN 
SI-PD,1542,STAT. INT. EXCEPTÉ LIVR. 8 h - 17 h LUN À VEN
SI-PE,47,ARRET INT. 16 h -18 h LUN À VEN
SI-PG,41,STAT. INT. 18 h - 24 h
SI-PH,1451,STAT. INT. EXCEPTÉ LIVR. 9 h - 17 h
SI-PI,41,STAT. INT. EXCEPTÉ AUTOBUS 18 h - 24 h
SI-PJ,56,STAT. INT. 17 h - 24 h
SI-PK,260,STAT. INT. 9 h - 17 h LUN À VEN EXCEPTÉ LIVRAISON
SI-PM,159,STAT. INT. 18 h - 23 h  LUN À VEN
SI-PO,285,STAT. INT. 9 h - 13 h LUN À SAM
SI-PP,203,P 15 min DÉB 8 h - 17 h LUN À VEN sept. à juin
SI-PQ,203,P 15 min DÉB 8 h - 17 h LUN À VEN sept. à juin
SI-PT,40,P 15 min DÉB. 7 h 30 - 9 h 30 et 16 h - 18 h LUN À VEN
SI-PT,47,P 15 min DÉB. 7 h 30 - 9 h 30 et 16 h - 18 h LUN À VEN
SI-PU,124,ARRÊT INT. 6 h - 10 h LUN À VEN
SI-PV,138,P 15 min DÉB 7 h ou 8 h ou 9 h - 16 h LUN À VEN
SI-PX,37,P 15 min DÉB 7 h - 9 h 30 15 h - 18 h LUN À VEN sept. à juin
SI-PX,175,P 15 min DÉB 7 h - 9 h 30 15 h - 18 h LUN À VEN sept. à juin
SI-PY,37,P 15 min DÉB 7 h - 9 h 30 15 h - 18 h LUN À VEN sept. à juin
SI-PY,175,P 15 min DÉB 7 h - 9 h 30 15 h - 18 h LUN À VEN sept. à juin
SI-PZ,79,STAT. INT. 21 h - 8 h 30 LUN AU DIM
SI-PZ,306,STAT. INT. 21 h - 8 h 30 LUN AU DIM
SI-QA,40,P 15 min DÉB 7h-9h30 15h-18h LUN à VEN août à juin
SI-QA,175,P 15 min DÉB 7h-9h30 15h-18h LUN à VEN août à juin
SI-QC,1435,STAT. INT. 12 h - 17 h LUN À VEN
SI-QF,37,ARRET INT. 7 h - 9 h 30 et 15 h 30 - 18 h 30 LUN À VEN
SI-QF,58,ARRET INT. 7 h - 9 h 30 et 15 h 30 - 18 h 30 LUN À VEN
SI-QG,46,ARRET INT. 7 h - 9 h LUN À VEN
SI-QN,57,ARRET INT. 6 h 30 - 9 h 30 LUN À VEN
SI-QO,58,ARRET INT. 15 h 30 - 18 h 30 LUN À VEN
SI-QP,57,ARRET INT. 6 h 30 - 9 h 30 et 15 h 30 - 18 h 30 LUN À VEN
SI-QP,58,ARRET INT. 6 h 30 - 9 h 30 et 15 h 30 - 18 h 30 LUN À VEN
SI-QS,59,STAT. INT. EXCEPTÉ DÉB. 18 h 30 - 24 h
SI-QY,38,ARRET INT. 8 h - 9 h 30 et 16 h - 18 h LUN À VEN
SI-QY,47,ARRET INT. 8 h - 9 h 30 et 16 h - 18 h LUN À VEN
SI-RB,37,ARRET INT. 7 h - 9 h 30 et 15 h - 18 h 30 LUN À VEN
SI-RB,80,ARRET INT. 7 h - 9 h 30 et 15 h - 18 h 30 LUN À VEN
SI-RD,40,P 15 min.  Débarcadère 7h30-9h30 et 15h-18h Lun au Ven
SI-RD,175,P 15 min.  Débarcadère 7h30-9h30 et 15h-18h Lun au Ven
SI-RE,1474,ARRET INT. 8 h - 9 h 30 LUN À VEN
SI-RG,48,ARRET INT. 16 h - 18 h 30 LUN À VEN
SI-RP,119,STAT. INT. EXCEPTÉ DÉB. 13 h - 16 h
SI-RT,99,P 15 min DÉB 8 h - 15 h LUN À VEN
SI-RX,138,STAT.INT. EXCEPTÉ DÉBARCADÈRE HANDICAPÉ 8h-16h LUN. À VEN.
SI-RY,107,STAT. INT. 19 h - 7 h
SI-RY,1414,STAT. INT. 19 h - 7 h
SI-RZ,138,STAT. INT. 7 h ou 8 h - 16 h LUN À VEN EXCEPTÉ LIVRAISON
SI-SD,37,P 15 min.  Débarcadère 7h-9h30 et 15h-18h Lun au Ven
SI-SD,175,P 15 min.  Débarcadère 7h-9h30 et 15h-18h Lun au Ven
SI-SE,181,P 15 min Déb. 7 h ou 8 h  ou 9 h - 18 h LUN À VEN
SI-SF,182,STAT. INT. 7h ou 8 h ou 9h - 18 h LUN À SAM
SI-SG,184,STAT. INT. 8 h - 16 h LUN À SAM
SI-SH,47,STAT. INT. 7 h - 9 h ET 16 h - 18 h LUN À VEN
SI-SH,100,STAT. INT. 7 h - 9 h ET 16 h - 18 h LUN À VEN
SI-SJ,41,STAT. INT. EXCEPTÉ DÉB. 18 h - 00h - 3 h
SI-SK,230,STAT. INT. 7 h ou 8 h - 17 h LUN À SAM
SI-SL,33,STAT. INT. 9 h 30 - 16 h LUN À VEN
SI-SN,80,ARRET INT. 6 h - 9 h et 15 h - 18 h 30 LUN À VEN
SI-SN,179,ARRET INT. 6 h - 9 h et 15 h - 18 h 30 LUN À VEN
SI-SR,203,STAT. INT. 7 h 8 h ou 9 h  - 17 h LUN À VEN
SI-SS,212,STAT. INT. EXCEPTÉ DÉB. 9 h - 21 h DIM
SI-ST,218,STAT INT EXCEPTÉ LIVRAISON 9 h - 12 h
SI-SU,100,ARRET INT. 7 h 30 - 9 h LUN À VEN
SI-SV,48,P 15 min DÉB. 7 h 30 -9 h et 16 h - 18 h 30 LUN À VEN
SI-SV,78,P 15 min DÉB. 7 h 30 -9 h et 16 h - 18 h 30 LUN À VEN
SI-SX,138,STAT. INT. 8h ou 9 h à 16 h LUN À VEN
SI-SY,232,STAT. INT. 6 h à 12 h LUN À VEN
SI-SZ,41,STAT. INT. 18  h - 7 h
SI-TC,99,STAT. INT. 7h  ou 8 h ou 9 h à 15 h LUN À VEN
SI-TD,240,STAT. INT. 8  h 30 - 15 h LUN À VEN
SI-TF,203,ARRÊT INT.  LUN À VEN 8 h - 17 h 15 AOÛT au 31 déc ++++
SI-TG,179,ARRET INT. 6 h - 9 h  LUN À VEN
SI-TI,203,ARRÊT INT.  LUN À VEN 8 h - 17 h 1 JAN au 23 JUIN
SI-TJ,27,STAT. INT. 9  h 30 - 15 h 30 LUN À VEN
SI-TK,248,STAT. INT. 6 h - 19 h LUN À VEN
SI-TM,181,STAT. INT. 7h ou 8 h ou 9 h - 18 h LUN À VEN
SI-TN,33,STAT. INT. 9 h 30 - 16 h LUN À VEN
SI-TO,33,STAT. INT. 9 h 30 - 16 h LUN À VEN
SI-TQ,82,STAT. INT. 9 h 30 - 18 h LUN À VEN
SI-TR,255,STAT. INT. 11 h - 14 LUN À VEN
SI-TS,257,STAT. INT. 7 h - 15 h 30 LUN À SAM
SI-TU,237,ARRET INT. 15 h - 19 h LUN À VEN
SI-TV,1400,STAT. INT. 7 h - 14 h MAR 7 h - 11 h MER
SI-TV,1401,STAT. INT. 7 h - 14 h MAR 7 h - 11 h MER
SI-TX,182,P 15  min Débarcadère 7h ou 8h - 18h LUN À SAM
SI-TY,295,STAT. INT. 8 h - 14 h LUN À VEN
SI-TZ,194,STAT. INT. 8 h 10 h et 14 h - 16 h LUN À VEN
SI-TZ,296,STAT. INT. 8 h 10 h et 14 h - 16 h LUN À VEN
SI-UA,308,STAT. INT. 18 h - 21 h
SI-UB,309,P 15  min Débarcadère 7h - 18h 30 LUN À VEN
SI-UC,203,ARRÊT INT. 8h - 17h LUN à VEN sept à juin
SI-UD,203,ARRÊT INT. 8h - 17h LUN à VEN sept à juin
SI-UE,260,STAT. INT. 7 h ou 8 h ou 9 h - 17 h LUN à VEN EXCEPTÉ LIVRAISON
SI-UF,316,STAT. INT. 9 h 30 - 13 h 30 LUN À VEN
SI-UH,180,ARRÊT INT. EXCEPTÉ AUTOBUS 15H30 -19h LUN À VEN
SI-UI,324,STAT. INT. 8 h 30 - 15 h LUN et MER et VEN
SI-UJ,325,STAT. INT. 10 h - 16 h LUN et MER et VEN
SI-UO,98,STAT. INT.  EXCEPTÉ LIVRAISON 7H - 13H LUN À VEN
SI-UP,37,ARRÊT INT. EXCEPTÉ BUS 7h-9h30 et 14h30-18h30  LUN à VEN sept à juin
SI-UP,186,ARRÊT INT. EXCEPTÉ BUS 7h-9h30 et 14h30-18h30  LUN à VEN sept à juin
SI-UQ,37,ARRÊT INT. EXCEPTÉ BUS 7h-9h30 et 14h30-18h30  LUN à VEN sept à juin
SI-UQ,186,ARRÊT INT. EXCEPTÉ BUS 7h-9h30 et 14h30-18h30  LUN à VEN sept à juin
SI-US,101,STAT. INT. EXCEPTÉ BUS 7h - 9h 1 mai au 1 oct
SI-UT,124,STAT. INT. EXCEPTÉ BUS 6h - 10h et 15h -19h LUN À VEN
SI-UT,237,STAT. INT. EXCEPTÉ BUS 6h - 10h et 15h -19h LUN À VEN
SI-UX,296,STAT. INT. EXCEPTÉ DÉB. 15 min 14h - 16h LUN à VEN du 1 sept au 30 juin
SI-UZ,296,P 15  min Débarcadère 9h30 - 10h30 et 14h - 16h LUN À VEN
SI-UZ,1355,P 15  min Débarcadère 9h30 - 10h30 et 14h - 16h LUN À VEN
SI-WA,304,ARRÊT INTERDIT 14h - 19h LUN à DIM 7 jours (travaux L-H)
SI-WA,1488,ARRÊT INTERDIT 14h - 19h LUN à DIM 7 jours (travaux L-H)
SI-WB,175,P 15 min DÉB. 6h -9 h et 15 h - 18 h LUN À VEN
SI-WB,179,P 15 min DÉB. 6h -9 h et 15 h - 18 h LUN À VEN
SI-WC,1366,STAT. INT. 10 h - 15h  LUN À VEN (Zone livraison)
SP-AA,25,LUN ET MAR ET MER ET SAM 9 h - 18 h JEU ET VEN 9 h - 21 h
SP-AA,26,LUN ET MAR ET MER ET SAM 9 h - 18 h JEU ET VEN 9 h - 21 h
SP-AA,28,LUN ET MAR ET MER ET SAM 9 h - 18 h JEU ET VEN 9 h - 21 h
SP-AC,34,LUN À SAM 9 h - 18 h
SP-AE,28,LUN ET MAR ET MER 17h -18h  JEU ET VEN 17h -21h SAM 9 h - 18 h
SP-AE,70,LUN ET MAR ET MER 17h -18h  JEU ET VEN 17h -21h SAM 9 h - 18 h
SP-AE,1503,LUN ET MAR ET MER 17h -18h  JEU ET VEN 17h -21h SAM 9 h - 18 h
SP-AJ,27,LUN ET MAR ET MER 9 h 30 - 15 h 30 JEU ET VEN 9 h 30 - 15 h 30 et 18 h - 21 h SAM 9 h - 18 h
SP-AJ,28,LUN ET MAR ET MER 9 h 30 - 15 h 30 JEU ET VEN 9 h 30 - 15 h 30 et 18 h - 21 h SAM 9 h - 18 h
SP-AJ,35,LUN ET MAR ET MER 9 h 30 - 15 h 30 JEU ET VEN 9 h 30 - 15 h 30 et 18 h - 21 h SAM 9 h - 18 h
SP-AK,28,LUN ET MAR ET MER 9 h 30 - 18 h JEU ET VEN 9 h 30 - 21 h SAM 9 h - 18 h
SP-AK,49,LUN ET MAR ET MER 9 h 30 - 18 h JEU ET VEN 9 h 30 - 21 h SAM 9 h - 18 h
SP-AK,50,LUN ET MAR ET MER 9 h 30 - 18 h JEU ET VEN 9 h 30 - 21 h SAM 9 h - 18 h
SP-BE,64,LUN À SAM 9 h - 17 h
SP-QX,320,LUN et MER 15 h - 18 h MAR et SAM 9 h - 18 h  JEU 9 h - 21 h VEN 15 h - 21 h
SP-QX,322,LUN et MER 15 h - 18 h MAR et SAM 9 h - 18 h  JEU 9 h - 21 h VEN 15 h - 21 h
SP-QX,326,LUN et MER 15 h - 18 h MAR et SAM 9 h - 18 h  JEU 9 h - 21 h VEN 15 h - 21 h
SP-QX,328,LUN et MER 15 h - 18 h MAR et SAM 9 h - 18 h  JEU 9 h - 21 h VEN 15 h - 21 h
SP-QY,321,LUN et MER 16 h - 18 h  MAR et SAM 9 h - 18 h JEU 9 h - 21 h VEN 16 h - 21 h
SP-QY,323,LUN et MER 16 h - 18 h  MAR et SAM 9 h - 18 h JEU 9 h - 21 h VEN 16 h - 21 h
SP-QY,326,LUN et MER 16 h - 18 h  MAR et SAM 9 h - 18 h JEU 9 h - 21 h VEN 16 h - 21 h
SP-QY,328,LUN et MER 16 h - 18 h  MAR et SAM 9 h - 18 h JEU 9 h - 21 h VEN 16 h - 21 h
SP-RD,28,LUN ET MAR ET MER 9 h 30 - 15 h JEU ET VEN 9 h 30 - 15 h ET 18 h - 21 h SAM 9 h 18 h
SP-RD,35,LUN ET MAR ET MER 9 h 30 - 15 h JEU ET VEN 9 h 30 - 15 h ET 18 h - 21 h SAM 9 h 18 h
SP-RD,67,LUN ET MAR ET MER 9 h 30 - 15 h JEU ET VEN 9 h 30 - 15 h ET 18 h - 21 h SAM 9 h 18 h
SR-AA,37,ARRET INT. 7 h - 9 h 30 LUN À VEN AVEC REMORQUAGE
SR-AW,60,ARRET INT. 6 h - 9 h 30 LUN À VEN AVEC REMORQUAGE
SR-AY,60,ARRET INT. 6 h - 9 h 30 LUN À VEN  AVEC REMORQUAGE
SR-MC,124,ARRET INT. 6h - 10 h ET 14h30 - 19h30 LUN À VEN AVEC REMORQUAGE
SR-MC,1443,ARRET INT. 6h - 10 h ET 14h30 - 19h30 LUN À VEN AVEC REMORQUAGE
SR-PB,53,ARRET INT. 15 h 30 - 17 h 30 LUN À VEN AVEC REMORQUAGE
SR-QF,37,ARRET INT. 7 h - 9 h 30 et 15 h 30 - 18 h 30 LUN À VEN AVEC REMORQUAGE
SR-QF,58,ARRET INT. 7 h - 9 h 30 et 15 h 30 - 18 h 30 LUN À VEN AVEC REMORQUAGE
SR-QN,57,ARRET INT. 6 h 30 - 9 h 30 LUN À VEN. AVEC REMORQUAGE
SR-QO,58,ARRET INT. 15 h 30 - 18 h 30 LUN À VEN AVEC REMORQUAGE
SR-QP,57,ARRET INT. 6 h 30 - 9 h 30 et 15 h 30 - 18 h 30 LUN À VEN AVEC REMORQUAGE
SR-QP,58,ARRET INT. 6 h 30 - 9 h 30 et 15 h 30 - 18 h 30 LUN À VEN AVEC REMORQUAGE
SR-RN,80,ARRET INT. 15 h - 18 h 30 LUN À VEN AVEC  REMORQUAGE
SR-RQ,122,ARRET. INT. EXCEPTÉ AUTOBUS 14 h 30 - 19 h  LUN - VEN AVEC REMORQUAGE
SR-SI,186,ARRET INT. 5 h  30 - 9 h 30 et 14 h 30 - 18 h 30 LUN À VEN  AVEC REMORQUAGE
SR-SI,187,ARRET INT. 5 h  30 - 9 h 30 et 14 h 30 - 18 h 30 LUN À VEN  AVEC REMORQUAGE
SR-SK,186,ARRET INT. 14 h 30 - 18 h 30 LUN À VEN  AVEC REMORQUAGE
UT-24,1472,LUN-VEN 24h (test GTR)
UT-AA,259,LUN-VEN 9h - 18h (test GTR)
UT-AB,1471,LUN-VEN 9h - 20h (test GTR)
XX-01,174,Stationnement GRATUIT (24 décembre au 26 décembre) OUT
XX-02,174,Stationnement GRATUIT (31 décembre) OUT
XX-03,174,Stationnement GRATUIT (1 et 2 janvier) OUT
XX-04,174,Stationnement GRATUIT (LUNDI DE PÂQUES 2024) OUT
XX-05,174,Stationnement GRATUIT (FÊTE PATRIOTES 2023) OUT
XX-06,174,Stationnement GRATUIT (24 JUIN - ST-JEAN-B.) OUT
XX-07,174,Stationnement GRATUIT (1 JUILLET - FÊTE CANADA) OUT
XX-08,174,Stationnement GRATUIT (FÊTE DU TRAVAIL 2023) OUT
XX-09,174,Stationnement GRATUIT (ACTION DE GRÂCE 2023) OUT
XX-12,162,Stationnement GRATUIT LACHINE-  9 septembre 2023  (aussi utilisé oct 2018 à mai 2019 + 3 août au 16 sept + le 29 juillet et 15 juin 2018 + 13 juillet 2019)
ZU-01,1496,STAT. INT 21h-22h LUN à SAM (TEST) 
ZU-02,1498,STAT. INT. 5h - 7h LUN à DIM 1 avril au 1 déc.
ZU-03,1499,STAT. INT. 6h - 7h LUN à DIM 1 avril au 1 déc.
ZU-04,1500,STAT. INT. 6h - 7h LUN à VEN 1 avril au 1 déc.
ZU-05,1501,STAT. INT. 6h - 7h LUN et JEU 1 avril au 1 déc.
ZV-01,291,STAT. INT. 7 h 30 - 9 h 30 MAR 01 avril au 14 nov
ZV-03,193,STAT. INT. 4 h - 9 h  LUN et JEU 01 nov au 31 déc
ZV-04,193,STAT. INT. 4 h - 9 h LUN et JEU 01 jan au 31 mars
ZV-05,193,STAT. INT. 4 h - 9 h MAR et VEN 01 1er nov au 31 déc
ZV-06,193,STAT. INT. 4 h - 9 h MAR et VEN 01 jan au 31 mars
ZV-20,225,STAT. INT. 10 h - 12 h MAR 01 avril au 14 nov
ZV-37,96,STAT. INT. 7 h - 8 h 30 LUN et MER et VEN 01 avril au 14 nov
ZV-38,1426,STAT. INT. 7 h - 8 h 30 MAR et JEU 01 avril au 14 nov
ZV-39,1507,STAT. INT. 6 h 30 - 7 h 30 LUN 01 avril au 01 décembre
ZV-40,126,STAT. INT. 7 h - 9 h JEU 01 avril au 14 novembre
ZV-41,134,STAT. INT. 7 h - 9 h MER 01 avril au 14 nov
ZV-42,105,STAT. INT. 7 h - 9  h MAR 01 avril au 14 nov
ZV-43,1540,STAT. INT. 8 h - 11 h VEN 01 avril au 14 nov
ZV-44,1541,STAT. INT. 8 h - 11 h JEU 01 avril au 14 nov
ZV-45,161,STAT. INT. 7 h - 9 h LUN 01 avril au 14 nov
ZV-46,163,STAT. INT. 7 h - 9 h VEN 01 avril au 14 nov
ZV-47,1509,STAT. INT. 10h30 - 13h30 VEN 01 avril au 14 nov
ZV-48,1374,STAT. INT. 12 h30 - 15 30h LUN 01 avril au 14 nov
ZV-49,1510,STAT. INT. 12h30 - 15h30 JEU 01 avril au 14 nov
ZV-50,1511,STAT. INT. 12h30 - 15h30 VEN 01 avril au 14 nov
ZV-51,1513,STAT. INT. 10h30 - 13h30 JEU 01 avril au 14 nov
ZV-53,1509,STAT. INT. 10 h 30 - 13 h 30 VEN 01 avril au 14 nov
ZV-54,1513,STAT. INT. 10 h 30 - 13 h 30 JEU 01 avril au 14 nov
ZV-55,1426,STAT. INT. 7 h - 8 h 30 MAR et JEU 01 avril au 14 nov
ZV-56,1533,STAT. INT. 10 h 30 - 13 h 30 MER 01 avril au 14 nov
ZV-57,1539,STAT. INT. 8 h - 11 h MER 01 avril au 14 nov
ZV-58,302,STAT. INT. 7 h - 8 h 30 VEN 01 avril au 14 nov
ZV-59,95,STAT. INT. 7 h - 8 h 30 LUN 01 avril au 14 nov
ZV-60,1535,STAT. INT. 8h30-10h30 JEU 01avril au 01 déc
ZV-61,1537,STAT. INT. 16h30-17h30 LUN et JEU 1 avril--1 déc.
ZV-62,1543,STAT. INT. 22 h - 23 h MAR et VEN 01 avril au 01 déc
ZV-63,103,STAT. INT. 22 h 30 - 23 h 30 LUN à VEN 01 avril au 01 déc
ZV-64,1544,STAT. INT. 8 h - 12 h MER 01 avril au 01 déc
ZV-65,161,STAT. INT. 7 h - 9 h LUN 01 avril au 01 déc
ZV-68,161,STAT. INT. 7 h - 9 h LUN 15 mars au 15 nov
ZV-69,1548,SAT. INT. 6h - 7h MAR et VEN 1 avril au 1 déc.
ZV-70,1549,STAT. INT. 18 h - 19 h MER 01 avril au 01 déc
ZV-71,126,STAT. INT. 7 h - 9 h JEU 01 avril au 01 déc
ZV-72,1551,STAT. INT. 8 h - 9 h JEU 01 avril au 01 déc 
ZV-73,1553,STAT. INT. 18 h 30 - 19 h 30 JEU 01 avril au 01 déc
ZV-74,1554,STAT. INT.8 h 30 - 9 h 30 MAR 01 avril au 01 déc
ZV-75,1555,STAT. INT. 8 h - 9 h MER 01 avril au 01 déc
ZV-76,1556,STAT. INT. 6 h 30 - 7 h 30 MER 01 avril au 01 déc
ZV-77,1557,STAT. INT. 18 h - 19 h LUN et MER 01 avril au 01 déc
ZV-78,1558,STAT. INT. 6 h 30 - 9 h LUN et MAR 01 avril au 01 déc
ZV-79,1559,STAT. INT. 13 h - 15 h VEN 01 avril au 30 novembre
ZV-80,105,STAT. INT. 7 h - 9 h MAR 01 avril au 30 novembre
ZV-81,1527,STAT. INT. 9 h - 11 h LUN 01 avril au 30 novembre
ZV-82,1560,STAT. INT. 13 h - 15 h MER. 01 avril au 30 novembre
ZV-83,1524,STAT. INT. 9 h - 11 h JEU 01 avril au 30 novembre
ZV-84,1561,STAT. INT. 13 h - 15 h JEU 01 avril au 30 novembre
ZV-90,1562,STAT. INT. 22h-23h LUN et JEU 1 avril - 1 déc.
ZX-01,334,STAT. INT. 13 h - 16 h LUN 01 avril au 01 déc.
ZX-02,335,STAT. INT. 9 h - 10 h DIM 01 avril au 01 déc.
ZX-03,1352,STAT. INT. 7 h - 8 h LUN et MER et SAM 01 avril au 01 déc
ZX-04,1353,STAT. INT. 7 h - 8 h MAR et JEU et DIM 01 avril au 01 déc
ZX-05,1354,STAT. INT. 7 h - 9 h LUN et MER et SAM 01 avril au 01 déc.
ZX-06,1356,STAT. INT. 8 h - 12 h LUN 01 avril au 01 déc
ZX-07,1357,STAT. INT. 12h30 - 13h30  JEU 01 avril au 01 déc
ZX-08,1358,STAT. INT. 12 h - 13 h LUN 01 avril au 01 déc
ZX-09,1337,STAT. INT. 9 h - 11 h LUN 01 avril au 01 déc
ZX-10,75,STAT. INT.6 h 30 - 7 h 30 LUN À VEN 01avril au 01 déc.
ZX-11,1362,STAT. INT.6 h 30 - 7 h 30 MAR 01avril au 01 déc.
ZX-12,147,STAT. INT.9 h - 12 h VEN 01 avril au 01 déc
ZX-14,1373,STAT. INT. 13 h - 14 h LUN 01 avril au 01 déc
ZX-15,1374,STAT. INT. 12 h 30 - 15 h 30 LUN 01 avril au 01 déc
ZX-16,1375,STAT. INT. 13 h - 16 h MER 01 avril au 01 déc
ZX-18,1377,STAT. INT. 12h - 13h MAR 01 avril au 01 déc.
ZX-19,1378,STAT. INT. 13h - 14h MER 01 avril au 01 déc.
ZX-20,1379,STAT. INT. 13h - 14h JEU 01 avril au 01 déc.
ZX-21,1380,STAT. INT. 12h - 14h MAR 01 avril au 01 déc.
ZX-22,1382,STAT. INT.6 h 30 - 7 h 30 MAR et JEU 01avril au 01 déc.
ZX-23,1384,STAT. INT. 13h - 14h MAR 01 avril au 01 déc.
ZX-24,1385,STAT. INT. 12h30 - 13h30 LUN 01 avril au 01 déc.
ZX-25,1386,STAT. INT. 12h30-13h30 MAR 01 avril au 01 déc.
ZX-26,1387,STAT. INT. 12h - 13h JEU 01 avril au 01 déc.
ZX-27,1388,STAT. INT. 9h - 10h MER 01 avril au 01 déc.
ZX-28,1390,STAT. INT. 20h - 21h LUN et JEU 01 avril au 01 déc.
ZX-29,1398,STAT. INT. 17h - 19h LUN et JEU 01 avril au 01 déc.
ZX-31,1407,STAT. INT. 17 h - 18 h LUN 01 avril au 01 déc
ZX-35,1411,STAT. INT. 14 h - 15 h LUN 01 avril au 01 déc
ZX-36,1418,STAT. INT. 7 h ou 8 h 30 - 11h30 MER 01 avril au 01 déc.
ZX-37,1419,STAT. INT. 7 h ou 8 h 30 - 11 h 30 JEU 01 avril au 01 déc.
ZX-38,1538,STAT. INT. 8 h 30 - 10h30 MER 01 avril au 01 
ZX-40,87,ARRÊT INT. 7 h - 8 h LUN ET JEU 01 avril au 30 nov
ZX-42,1425,STAT. INT. 13 h 30 - 14 h 30 MAR 01 avril au 01 déc
ZX-43,1428,STAT. INT. 20 h - 21 h MER 01 avril au 01 déc
ZX-44,1429,STAT. INT. 20 h - 21 h LUN 01 avril au 01 déc
ZX-45,1431,STAT. INT. 9 h - 12 h VEN 01 avril au 01 déc
ZX-47,1433,STAT. INT. 14 h - 15 h MAR 01 avril au 01 déc
ZX-48,1438,STAT. INT.6 h 30 - 7 h 30  JEU 01avril au 01 avril
ZX-49,1439,STAT. INT. 11 h 30- 12 h 30 MER 01 avril au 01 déc
ZX-51,1441,STAT. INT. 10 h - 11 h LUN 01 avril au 01 déc
ZX-52,1442,STAT. INT. 7 h ou 7 h 30 - 8 h 30 JEU 01 avril au 01 déc
ZX-53,105,ARRÊT. INT. 8H-9H MARDI 01 avril au 30 novembre
ZX-54,126,ARRÊT INT. 8H - 9H JEUDI 01 avril au 30 novembre
ZX-55,1454,ARRÊT INT. 13h - 15h LUNDI 01 avril au 30 novembre
ZX-57,161,ARRÊT INT. 7 h - 9 h LUNDI 01 avril au 30 novembre
ZX-58,163,ARRÊT INT. 7 h - 9 h VENDREDI 01 avril au 30 novembre
ZX-59,134,ARRÊT INT. 7 h - 9 h MER 01 avril au 30 novembre
ZX-60,126,ARRÊT INT. 7 h - 9 h JEUDI 01 avril au 30 novembre
ZX-61,164,ARRÊT INT.  7 h - 8 h MARDI 01 avril au 30 novembre
ZX-62,1462,STAT. INT. 11h - 12h MERCREDI 1 avril au 1 décembre
ZX-63,1463,STAT. INT. 4h - 9h LUN et JEU 15 novembre au 31 décembre + ZX-74
ZX-64,1464,STAT. INT. 9 h 30 - 11 h 30 JEU 01 avril au 01 déc
ZX-65,1465,STAT. INT. 13 h -15 h MAR 01 avril au 01 déc
ZX-66,1466,STAT. INT. 9 h - 11 h MER 01 avril au 01 déc
ZX-67,1467,STAT. INT. 12 h 30 - 14 h 30 MAR 01 avril au 01 déc.
ZX-68,1341,STAT. INT. 10 h - 12 h LUN 01 avril au 01 déc.
ZX-69,1468,STAT. INT. 12 h - 14 h JEU 01 avril au 01 déc
ZX-70,1469,STAT. INT. 13 h - 14 h DIM 01 avril au 01 déc
ZX-71,173,STAT. INT. 7 h - 8 h MAR et JEU 01 avril au 01 déc
ZX-72,1337,STAT. INT. 7 h ou 8 h - 11 h LUN 01 avril au 01 déc
ZX-73,1470,STAT. INT. 13 h - 16 h MAR 01 avril au 01 déc
ZX-74,1463,STAT. INT. 4h - 9h LUN et JEU 1 janvier au 31 mars ***
ZX-75,1504,STAT. INT. 12 h 30 - 15 h 30 MAR 01 avril au 01 déc
ZX-76,1505,STAT. INT. 7 h ou 8 h 30 - 11 h 30 VEN 01 avril au 01 déc
ZX-77,1506,STAT. INT. 12 h 30 - 15 h 30 MER 01 avril au 01 déc
ZX-78,216,STAT. INT. 10 h- 11 h LUN et JEU 01 avril au 01 déc
ZX-79,1466,STAT. INT. 9 h - 11 h MER 01 avril au 30 novembre
ZX-80,1517,STAT. INT. 22 h 30 - 23 h 30 LUN et JEU 01 avril au 01 déc
ZX-81,1522,STAT. INT. 7h30-9h30 JEU 01 avril au 01 déc
ZX-82,1523,STAT. INT. 8h30 - 10h30 MAR 01 avril au 01 déc
ZX-83,1526,STAT. INT. 9h - 11h MAR 01 avril au 01 déc
ZX-84,1519,STAT. INT. 13h30 - 15h30 MAR 01 avril au 01 déc
ZX-85,1521,STAT. INT. 9h30 - 11h30 MAR 01 avril au 01 déc
ZX-87,1518,STAT. INT. 9h30 - 11h30 LUN 01 avril au 01 déc
ZX-90,1468,STAT. INT. 12h - 14h JEU 01 avril au 01 déc
ZX-91,1464,STAT. INT. 9h30 - 11h30 JEU 01 avril au 01 déc
ZX-92,1525,STAT. INT. 13h30 - 15h30 LUN 01 avril au 01 déc
ZX-93,1528,STAT. INT. 17h-18h MERC 1 avril au 1 décembre
ZX-94,1531,STAT. INT. 18h-19h MAR 01avril au 01 déc
ZX-95,1529,STAT. INT. 11h-12h VEN 01avril au 01 déc
ZX-96,1530,STAT. INT. 15h30-16h30 VEN 01avril au 01 déc
ZX-97,1532,STAT. INT. 18h30-19h30 MAR 01avril au 01 déc
ZX-98,1536,STAT. INT. 13h30-15h30 MER 01avril au 01 déc
ZX-99,1534,STAT. INT. 8h30-10h30 LUN 01avril au 01 déc
ZY-03,190,STAT. INT.7 h 30 ou 8 h 30 - 9 h 30 MAR ET VEN 01 avril au 01 déc
ZY-06,176,ARRET INT. 15 h  30 - 24 h LUN  À VEN 11 h 30 - 24 h SAM et DIM (16 au 26 juillet - JUSTE POUR RIRE 2009)
ZY-06,177,ARRET INT. 15 h  30 - 24 h LUN  À VEN 11 h 30 - 24 h SAM et DIM (16 au 26 juillet - JUSTE POUR RIRE 2009)
ZY-06,206,ARRET INT. 15 h  30 - 24 h LUN  À VEN 11 h 30 - 24 h SAM et DIM (16 au 26 juillet - JUSTE POUR RIRE 2009)
ZY-09,213,STAT. INT. 19 h - 20 h LUN et MER 01 avril au 01 déc
ZY-10,214,STAT. INT. 19 h - 20 h MAR et JEU 01 avril au 01 déc
ZY-11,198,STAT. INT. 12 h - 13 h VEN  01 avril au 01 déc
ZY-14,89,STAT. INT.7 h ou 7 h 30 - 8 h 30 MAR ET VEN 01 avril au 01 déc
ZY-16,79,STAT. INT.7 h 30 - 8 h 30 7 jours sur 7 01 AVRIL au 01 déc
ZY-17,215,STAT. INT. 9 h 30 - 10 h 30 JEU 01 avril au 01 déc
ZY-19,222,STAT. INT. 10 h - 11 h LUN et MER 01 avril au 01 déc
ZY-22,77,STAT. INT.6 h 30 ou 7 h ou 7 h 30 - 8 h 30 LUN À VEN 01 avril au 01 déc.
ZY-23,135,STAT. INT.6 h 30 - 7 h 30 SAM et DIM 01 avril au 01 déc
ZY-24,136,STAT. INT.7 h 30 - 8 h 30 SAM et DIM 01 avril au 01 déc 
ZY-25,137,STAT. INT. 6 h 30 ou 7 h 30 - 8 h 30 MAR 01 avril au 01 déc
ZY-28,93,STAT. INT. 6 h 30 - 7 h 30 LUN et JEU 01 avril au 01 décembre
ZY-29,94,STAT. INT. 6 h 30 - 7 h 30 MAR et VEN 01 avril au 01 décembre
ZY-30,95,STAT. INT. 7 h 30 - 8 h 30 LUN 01 avril au 01 décembre
ZY-32,100,STAT. INT. 7 h ou 7 h 30 - 9 h LUN À VEN 01 avril au 01 décembre
ZY-33,91,STAT. INT. 7 h - 9 h LUN et JEU 01 avril au 01 déc
ZY-34,92,STAT. INT. 7 h - 9 h MAR et VEN 01 avril au 01 déc
ZY-35,216,STAT. INT. 10 h - 11 h LUN et JEU 01 avril au 01 décembre
ZY-39,134,ARRÊT INT. 8 h - 9 h LUN ET MER 01 avril au 30 nov
ZY-39,161,ARRÊT INT. 8 h - 9 h LUN ET MER 01 avril au 30 nov
ZY-42,226,ARRÊT INT. 8 h - 10 h MER 01 avril au 30 nov
ZY-44,173,ARRÊT INT. 7 h - 8 h MAR ET JEU 01 avril au 30 nov
ZY-48,226,STAT. INT. 8h ou 9 h - 10 h MER 01 avril au 01 déc
ZY-49,96,STAT. INT. 7 h 30 - 8 h 30 LUN et MER et VEN 01 avril au 01 déc
ZY-50,229,STAT. INT. 9 h 30 - 10 h 30 MAR et VEN 01 avril au 01 déc
ZY-51,228,STAT. INT. 9 h 30 - 10 h 30 LUN ET JEU 01 avril au 01 déc
ZY-52,160,STAT. INT. 7 h - 8 h MER 01 avril au 01 déc
ZY-53,231,STAT. INT. 9 h 30 - 10 h 30 MER 01 avril au 01 déc
ZY-54,134,STAT. INT. 8 h - 9 h MER et VEN 01 avril au 01 déc
ZY-54,163,STAT. INT. 8 h - 9 h MER et VEN 01 avril au 01 déc
ZY-55,238,STAT. INT. 10 h - 11 h MER 01 avril au 01 déc
ZY-56,239,STAT. INT. 10 h - 11 h VEN 01 avril au 01 déc
ZY-57,241,STAT. INT.7h30 ou 8 h 30 - 9 h 30 VEN 01 avril au 01 déc
ZY-58,242,STAT. INT.7 h 30 ou 8 h 30 - 9 h 30 LUN 01 avril au 01 déc
ZY-59,243,STAT. INT.8 h 30 - 9 h 30 MER 01 avril au 01 déc
ZY-60,245,STAT. INT. 10 h - 11 h MAR et VEN 01 avril au 01 déc
ZY-62,247,STAT. INT.12 h 30 - 13 h 30 VEN 01 avril au 01 déc
ZY-64,262,STAT. INT. 10h30 - 11h30 MER 01avril au 01 déc
ZY-65,263,STAT. INT. 10h30 - 11h30 VEN 01avril au 01 déc
ZY-66,231,STAT. INT. 9h30 - 10h30 MER 01avril au 01 déc
ZY-67,264,STAT. INT. 9h30 - 10h30 VEN 01avril au 01 déc
ZY-69,266,STAT. INT. 13h - 14h VEN 01avril au 01 déc
ZY-70,267,STAT. INT. 12h30 - 13h30  MER 01 avril au 01 déc
ZY-71,268,STAT. INT. 13h30 - 14h30  VEN 01 avril au 01 déc
ZY-72,269,STAT. INT. 14h - 15h VEN 01 avril au 01 déc
ZY-73,270,STAT. INT. 10h - 11h JEU 01 avril au 01 déc
ZY-76,134,STAT. INT. 7 h ou 7 h 30 - 9 h MER 01 avril au 01 déc
ZY-77,278,STAT. INT. 10h30 - 11h30 JEU 01avril au 01 déc
ZY-78,279,STAT. INT. 8h ou 9h - 10h JEU 01 avril au 01 déc
ZY-81,282,STAT. INT. 18h30 - 19h30 LUN 01 avril au 01 déc
ZY-82,281,STAT. INT. 19h - 20h MAR 01 avril au 01 déc
ZY-83,289,STAT. INT. 17h - 18h30  LUN ET JEU 01 avril au 01 déc
ZY-84,291,STAT. INT. 7 h ou 8 h 30 - 9 h 30 MAR 01avril au 01 déc
ZY-85,292,STAT. INT. 7 h ou 8 h 30 - 9 h 30 JEU 01avril au 01 déc
ZY-86,293,STAt. INT. 14 h - 15 h MER 01 avril au 01 déc
ZY-87,298,STAt. INT. 8 h - 12 h JEU 01 avril au 01 déc
ZY-89,302,STAT. INT. 7 h 30 - 8 h 30 VEN 01 avril au 01 déc
ZY-90,303,STAT. INT. 7 h - 8 h MER et VEN 01 avril au 01 déc
ZY-91,310,STAT. INT. 9 h 30 - 10 h30 LUN 01 avril au 01 déc
ZY-92,312,STAT. INT. 8h ou 9 h - 10 h LUN 01 avril au 01 déc
ZY-93,313,STAT. INT. 8 h - 9 h DIM 01 avril au 01 déc
ZY-94,314,STAT. INT. 8 h - 9 h SAM 01 avril au 01 déc
ZY-95,160,ARRÊt INT. 7 h - 8 h MER 01 avril au 30 nov
ZY-96,318,STAT. INT. 16 h 30 - 17 h 30 LUN au VEN 01 avril au 01 déc
ZY-97,331,STAT. INT. 9 h 30 - 10 h30 LUN À VEN 01 avril au 01 déc
ZY-98,330,STAT. INT. 12 h - 13 h LUN À VEN 01 avril au 01 déc
ZY-99,333,STAT. INT. 9 h - 11 h MAR et JEU 01 avril au 01 déc
ZZ-01,76,STAT. INT.7 h - 8 h LUN À VEN 01 avril au 01 déc.
ZZ-24,101,STAT. INT. 7 h - 9 h - 1er mai au 31 oct.
ZZ-51,76,STAT. INT.7 h - 8 h LUN À VEN 01 avril au 01 déc
ZZ-52,75,STAT. INT.6 h 30 - 7 h 30 LUN À VEN 01 avril au 01 dec
ZZ-53,1473,STAT. INT. 8 h - 9 h LUN À VEN 01 avril au 01 déc
ZZ-54,91,STAT. INT. 8 h - 9 h LUN et JEU 01 avril au 01 déc
ZZ-55,92,STAT. INT. 8 h - 9 h MAR et VEN 01 avril au 01 déc
ZZ-56,38,STAT. INT. 8 h - 9 h30 LUN À VEN 01 avril au 01 déc
ZZ-57,139,STAT. INT. 7 h - 8 h LUN et MER 01 avril au 01 déc
ZZ-60,88,STAT. INT. 7 h - 8 h MAR et VEN 01 avril au 01 déc
ZZ-65,160,STAT. INT. 7 h - 8 h MER 01 avril au 01 déc
ZZ-66,132,STAT. INT. 7 h - 8 h LUN 01 avril au 01 déc
ZZ-67,1545,STAT. INT. 8 h - 9 h LUN 01 avril au 01 déc
ZZ-68,134,STAT. INT. 8 h - 9 h MER 01 avril au 01 déc
ZZ-69,90,STAT. INT.7 h 30 - 8 h 30 LUN ET JEU 01 avril au 01 déc
ZZ-71,87,STAT. INT. 7 h - 8 h LUN ET JEU 01 avril au 01 déc
ZZ-72,163,STAT. INT. 8 h - 9 h VEN 01 avril au 01 déc
ZZ-73,105,STAT. INT. 7 h ou 7 h 30 ou 8 h - 9 h MAR 01 avril au 01 déc
ZZ-74,1550,STAT. INT. 7 h 30 - 9 h JEU 01 avril au 01 déc
ZZ-75,133,STAT. INT. 7 h - 8 h JEU 01 avril au 01 déc
ZZ-76,164,STAT. INT. 7 h - 8 h MAR 01 avril au 01 déc
ZZ-86,139,ARRÊT INT. 7 h - 8 h LUN et MER 01 avril au 15 nov
ZZ-89,173,STAT. INT. 7 h - 8 h MAR ET JEU 01 avril au 01 déc
ZZ-91,105,STAT. INT. 7 h - 9 h MAR 01 avril au 01 déc
ZZ-92,80,ARRET INT. 6 h - 9 h et 15 h - 18 h 30 LUN À VEN
ZZ-92,179,ARRET INT. 6 h - 9 h et 15 h - 18 h 30 LUN À VEN
ZZ-93,168,STAT. INT. 8 h - 9 h LUN ET MER 01 avril au 01 déc
ZZ-94,183,STAT. INT.8 h 30 - 9 h 30 LUN ET JEU 01 avril au 01 déc
ZZ-96,168,STAT. INT. 8 h - 9 h LUN et MER 01 avril au 01 déc
ZZ-97,169,STAT. INT. 7 h ou 8 h - 9 h MAR et JEU 01 avril au 01 déc
ZZ-98,168,STAT. INT. 7 h - 9 h LUN et MER 01 avril au 01 déc
ZZ-99,169,STAT. INT. 7 h - 9 h MAR et JEU 01 avril au 01 déc
